Store,Date,Temperature,Fuel_Price,MarkDown1,MarkDown2,CPI,Unemployment,IsHoliday
1,2010-02-05,54.44366689744004,3.1674172222780435,,282.05789513550127,192.19987722668247,9.6313162540945,True
1,2010-02-12,94.41586694684132,3.7349630192554333,70.66305219717405,,172.4774660258389,6.399165830291533,True
1,2010-02-19,93.03166391310944,2.9655426808606085,,1912.3099563358137,218.3230885806788,6.80057735948788,False
1,2010-02-26,71.02306539408347,3.400998503939086,,2816.4410892276965,158.5416502539916,4.095797513321285,False
1,2010-03-05,38.07690995195088,3.8665270376509167,8331.949117361642,,159.1060607573241,5.093416526728374,False
1,2010-03-12,51.88669058684335,2.9158833257363774,313.1329245555858,2248.770666848828,159.51502360018145,9.559953194762766,False
1,2010-03-19,44.49055766043765,3.640887948810799,9611.720243493492,3736.600550686904,173.96921323890797,7.520506993983089,False
1,2010-03-26,65.52756857650135,3.0519983640450867,,,121.5636406741194,6.540408884238218,False
1,2010-04-02,42.01161310385286,2.528159645430169,,3950.8777026560283,180.59599747810114,9.557805271080094,False
1,2010-04-09,88.62197566578355,4.200077155579598,,,157.08182521982664,8.013047515981643,False
1,2010-04-16,64.34733407807953,3.0494435859801285,3829.2687475378984,4244.569121330419,192.17295211648732,5.415909518493734,False
1,2010-04-23,23.03251921538235,3.921325779371575,,,140.17192023353962,9.374581574041116,False
1,2010-04-30,62.245667898228774,3.891032172852255,,2699.205456508366,140.30612247347693,9.657121423347887,False
1,2010-05-07,72.10886997797785,4.260935678030515,2956.33685837714,,165.65345704829102,5.310642623301002,False
1,2010-05-14,86.24601941891513,3.148690042010548,,,210.6828441545754,5.632793496307812,False
1,2010-05-21,20.039028274648686,3.2051377126683382,,,173.4089419375442,6.9089798281539,False
1,2010-05-28,40.20592503488911,2.9882510444955486,,,175.81020020173412,6.423017026348245,False
1,2010-06-04,39.04365604507585,2.9937521256772026,7122.70589924442,,219.77404850489418,5.60068608565171,False
1,2010-06-11,50.827775998867345,2.566101465801097,,3403.527257773834,173.09345833171363,6.68669898743855,False
1,2010-06-18,64.45225429095451,2.6617066526654307,,,200.31397563798959,6.821803806676231,False
1,2010-06-25,49.91183318334148,4.132863746438768,1507.1754396542947,3479.0640339544093,205.835880481372,5.955753431211308,False
1,2010-07-02,73.33621493285133,4.11900209227943,,,214.0523264489604,6.385432126525134,False
1,2010-07-09,82.82825794304959,3.8513802340785617,2090.716207377137,3478.9219967254107,142.85500217972998,5.049729562575617,False
1,2010-07-16,58.747691845326074,3.021658349660818,9654.193512887936,4413.181715946698,138.87071083413792,5.6732281155530915,False
1,2010-07-23,83.49958566787295,4.2126485837561845,,4254.642243837564,213.56349942209476,8.712043906683661,False
1,2010-07-30,63.5514966077341,3.2445655331234864,9736.638367553172,,150.53638603443935,6.91368252151736,False
1,2010-08-06,94.58430969581156,2.8518505053546908,,,137.88227092213288,6.19881270749716,False
1,2010-08-13,74.0704943189097,3.1161215837047784,5088.1407683876005,1252.3090930279207,178.9870847560544,9.873357149650055,False
1,2010-08-20,87.95740907889154,3.3687887310208575,,3344.620298315498,206.4167565071903,5.381111609449332,False
1,2010-08-27,62.90031494068873,4.037108028612618,,2349.722569954715,147.95603417967587,9.300964133597553,False
1,2010-09-03,91.48038852679649,3.1615006093410276,5722.924691708383,376.7312800306411,150.5697019287182,5.145466186902076,False
1,2010-09-10,56.395990570723676,3.2453737341880986,,4650.084174054159,127.04161308495439,5.253512305692161,False
1,2010-09-17,46.89850859721229,3.0083272981394775,,,204.86697949246744,4.819727988652173,False
1,2010-09-24,61.46149826809308,3.093020287295597,,,181.15137108656805,4.489565082401442,True
1,2010-10-01,67.0920811211477,2.8885479070240843,,,125.0768531039397,9.31970289370396,True
1,2010-10-08,63.4148671630669,3.376948246036174,3281.5266747473192,,218.18408883105312,9.033601012416181,False
1,2010-10-15,38.7688520386898,2.577669468858846,,1633.2562089802043,202.78690037875887,5.629257494918451,False
1,2010-10-22,54.29488712102964,4.1840461500239625,,,189.95122107671938,4.830118554506808,False
1,2010-10-29,92.71526503356192,3.929190208359904,,,163.3520737580742,8.464255857994692,False
1,2010-11-05,33.82502557485275,2.6617459332343953,,290.967977542218,211.52137276264804,6.654113378386627,False
1,2010-11-12,27.040496756096882,2.865731994214615,6382.705938433503,3285.556642500834,163.5672898677891,8.380235899370911,True
1,2010-11-19,62.45279078705572,2.8172928952849823,,,129.1799065813442,4.5649419296113605,False
1,2010-11-26,93.46328964661315,2.8506605397786773,,4034.5648852538975,154.63043210894008,6.788042877637668,False
1,2010-12-03,23.60441931477753,4.398291463182772,2608.9362334171396,,213.3436308079483,7.006239303491555,False
1,2010-12-10,71.29728270486058,3.7317023287798277,9442.515971251674,3182.0179872300564,200.09492946823997,8.06301005429789,False
1,2010-12-17,29.637526492543262,4.1224083534720055,6259.3967010157285,3257.4238592889396,140.66843598767454,5.643766763926802,False
1,2010-12-24,48.29443124209819,2.5779262646204675,3365.542148887265,1926.9831048278252,188.16136689727898,6.04374741678544,False
1,2010-12-31,57.202809072005465,3.885780717383879,,195.93163337823128,161.79460317155787,9.805483309121485,False
1,2011-01-07,51.76032067310889,3.6370405674999167,7316.477552996402,,145.00164492161048,7.4832640740634595,False
1,2011-01-14,62.14000191078302,2.97719371958068,7399.087604473745,,157.7728886176295,7.2059648411833805,False
1,2011-01-21,49.22135646644026,3.0952703490186217,,,215.85414968831984,9.082858864573538,False
1,2011-01-28,91.76006638448422,3.8535398088486064,,,128.32844111952596,4.550224883550887,False
1,2011-02-04,61.52772892593506,2.925455790048458,7812.960504712026,,213.09291056872925,9.84548925120646,False
1,2011-02-11,24.190336600801253,3.974071113582018,7058.314838786945,3440.150050875195,203.69638742373738,9.201212231865048,False
1,2011-02-18,51.95686062852058,2.945152835142061,,733.0241084601274,171.3326168692393,5.399368434547167,False
1,2011-02-25,84.73538914917529,4.260719937276834,,2959.443694106422,155.02182467003135,8.249087173499198,False
1,2011-03-04,48.349069259169084,3.9101687285933195,,,163.44518444882712,5.522093043238833,False
1,2011-03-11,62.8604768903758,3.981947721821337,8227.90351876693,3405.197135484545,143.750647129247,6.4013373572321495,False
1,2011-03-18,26.216849127001566,3.5567402425944183,,4889.503343771355,175.60050386425846,5.9361183296655025,True
1,2011-03-25,89.3482497667697,4.338231430557319,,377.1727354488463,136.62154319092528,5.300854639518947,False
1,2011-04-01,94.6873531272028,3.8938501117276294,,4576.271708345532,215.87024074078462,4.347183386546244,False
1,2011-04-08,28.006704945191327,3.1713201295939264,,1941.341919949361,142.93947457049498,5.5956275497854335,False
1,2011-04-15,39.4962397140697,3.4064816936576623,,,161.12067208721862,7.616691292139791,False
1,2011-04-22,29.988884391781227,2.6524007591983265,4166.390577384792,4595.882759177798,128.2748420035306,9.259968915554756,False
1,2011-04-29,32.36256958527507,3.322510233170738,4803.700818663547,1883.6948496897037,194.9578299976072,6.357936693873155,False
1,2011-05-06,62.681110187431074,2.6270236591800025,,,121.36719648269973,4.452154362114774,False
1,2011-05-13,60.07597062720973,3.9998214989399434,5851.49532325472,3785.4060102122794,157.78505492757864,5.446508993977791,False
1,2011-05-20,38.858182963384884,3.0494635940518178,,3784.9956608611433,124.68964677912199,5.612034892151844,True
1,2011-05-27,57.36238899844197,3.452421393578028,3077.7723977104943,4839.868827199115,128.84082233656466,8.750907036817797,False
1,2011-06-03,56.003447526385635,3.3410715573301504,6393.613569742423,4515.755293383131,181.7263712097292,9.882776350554266,False
1,2011-06-10,67.74832412167119,3.609631217084451,,2737.2315344955578,165.09104474161043,9.462827670419639,False
1,2011-06-17,59.27017070112584,3.8952837429869267,4593.468079461724,3844.5887065769875,126.62359778518659,4.275167598427798,False
1,2011-06-24,46.05600561690607,2.9182615821570286,3415.6321045654504,2300.59579491786,178.47661059491537,6.401802933461688,False
1,2011-07-01,33.50504542619739,3.893002932454158,,2576.180274321054,217.31103492701044,7.6116123732457615,False
1,2011-07-08,81.63429776333369,3.1901652556447733,,,174.87153092074087,7.206541022395138,False
1,2011-07-15,87.06629471719442,2.7574967965992876,,,129.22905862287462,6.886872364337759,False
1,2011-07-22,58.37427601604459,2.8139553654323874,,,206.8301107035587,4.507102046084092,False
1,2011-07-29,93.96927469001113,3.573181291974665,2361.1653311740433,2656.3287698676704,192.0516061391465,4.374048175067449,False
1,2011-08-05,29.98376964406087,3.874331010806662,7496.162320085874,,206.7214981074723,6.1248800247587525,False
1,2011-08-12,27.86518748993607,3.9748104121876384,,4203.5499293896555,128.9204328712056,7.212013384093141,False
1,2011-08-19,45.71951482086952,3.447939882861112,,2397.910508771251,178.41994847141692,8.420934852369477,False
1,2011-08-26,63.99015759955693,3.6289170850452823,,,209.96473971450123,7.645331333761437,False
1,2011-09-02,57.36857733867051,3.160696962561828,75.3436313407474,,156.53568196740576,6.9268588048524276,False
1,2011-09-09,26.59157184051079,4.111729773482287,,258.17738937256416,121.8242481428361,8.18176877419853,False
1,2011-09-16,87.24576972305157,3.65199683561132,53.000063976054165,2453.7438962939223,192.28960966217755,8.925168838920115,False
1,2011-09-23,60.12775490336829,3.453238968252824,2050.7756014945912,3554.7623941837414,139.95069273383197,8.417483102190928,False
1,2011-09-30,73.04225717333334,4.035559002885678,,4660.0717112846705,152.06421921595143,7.563298585347393,False
1,2011-10-07,54.07009791643247,3.5972062358763064,2017.3046233023583,439.34055621328406,133.88247734420204,4.016265396485978,False
1,2011-10-14,55.487465078891915,3.7122037621116775,1066.9925011343605,3729.872627743591,160.8518292935917,9.597628402599728,False
1,2011-10-21,35.375135753992794,3.258457169927601,7215.965507512771,,198.1514481751415,8.967645323064952,False
1,2011-10-28,79.96528481896367,4.150265353385595,,,183.37585637201772,9.447196782775096,False
1,2011-11-04,64.12300068462925,3.865964126834265,,4498.337226460866,182.41015441818377,7.238686371487798,False
1,2011-11-11,63.311470317959426,3.210724903636792,,333.09556195408487,142.90253909247963,7.257095863680453,False
1,2011-11-18,44.961183943436325,3.961098273618603,1667.3075999338316,2477.1181320198284,194.14609111390453,7.438905095544332,False
1,2011-11-25,76.4302340029117,3.9139609224869183,1431.279855484696,,191.40640822236142,6.963888922785176,False
1,2011-12-02,27.718702305810876,3.5729627029691895,,,180.39578720725126,7.013730084775181,False
1,2011-12-09,56.47681114967058,3.3179103541709862,122.03072318044516,2827.541736614869,191.61790747329522,7.594176188663959,False
1,2011-12-16,91.93060959230208,3.185048514357087,,,148.7929616475726,7.689701578915926,False
1,2011-12-23,30.43371456072964,2.701589206031773,,2964.814526294108,130.22126642251996,9.51250313356448,False
1,2011-12-30,21.726695359072814,3.802734421976492,3744.35369720422,,127.73210654887873,4.625481796310857,False
1,2012-01-06,88.30146486917847,2.7456215636914676,,,138.63208794941207,9.024944734014952,False
1,2012-01-13,43.358319803423086,2.9547912417542253,3793.0569838554884,1027.8990418781875,198.77898887144923,7.6223291903808335,False
1,2012-01-20,51.08784381527207,4.227036281225914,4657.001223188132,,211.84547249393012,7.522409344819403,True
1,2012-01-27,88.45620971593466,2.9964528855143038,1655.1331742797381,,151.14731711327573,8.682974245276526,False
1,2012-02-03,36.50729105608228,2.925361568682453,9755.413156827562,,175.73053688900478,9.163792107344404,False
1,2012-02-10,33.83471535641421,3.099191823532954,,,162.67889053367495,8.798692132445616,False
1,2012-02-17,55.11738713310345,3.7499519741021046,,2937.268021170372,149.40446792209715,8.28435519873897,False
1,2012-02-24,60.08419184429352,3.4621758967751717,,514.9073966565776,153.43628113104822,4.453020182823336,False
1,2012-03-02,40.42263910402246,4.294860819637768,8007.497714861211,4198.944297282853,206.69937600115236,6.4479069721890685,False
1,2012-03-09,39.04164230324782,2.8922261993869056,5950.489797004206,,176.94435177635003,9.324762895081017,False
1,2012-03-16,74.060982223288,4.11062993471581,6031.974021769796,4813.246592774373,214.44097255772735,4.846491092666281,False
1,2012-03-23,44.29925458300997,2.6738500299006986,7359.046131960024,613.8844483135425,207.64440758752937,7.85755338168552,False
1,2012-03-30,88.29680026552279,3.749522542086502,,1815.2960609754525,123.42281108205292,8.9839270393915,False
1,2012-04-06,78.03758924010052,3.225515789331891,2195.105250809587,3898.793873940154,131.4237925920397,7.394659719799363,False
1,2012-04-13,55.32990895203608,2.8642142776431667,,3708.434721143328,189.88458531609044,6.4153002615818835,False
1,2012-04-20,68.3790625826997,3.3434078691065636,,3456.109288048272,188.31838564454813,8.935503255470044,False
1,2012-04-27,81.12908213018429,3.4961815070220115,,,169.74648939798905,8.321215489793774,False
1,2012-05-04,30.501390399533676,3.027367605269233,,1253.653302807989,183.30980633574475,6.965643100829628,False
1,2012-05-11,82.85802223837219,3.308763003098049,4220.360595506873,,215.86271773132205,5.106225524073779,False
1,2012-05-18,77.8239444151609,2.636499410708183,4371.9339635724355,3607.664305609528,181.04046670079575,9.695840782346593,False
1,2012-05-25,91.55652024047248,2.7700025548424136,,,173.98427789081936,4.9720832673495075,False
1,2012-06-01,83.48058869859179,4.410472625446958,,2371.186543501848,154.43837320442333,6.109240966805313,False
1,2012-06-08,72.86941622667148,3.6965721165363092,,,127.77653440789571,4.01403634375467,False
1,2012-06-15,20.394036391878867,2.7061874920274898,,4810.493928820589,199.0013558791856,8.143361394673843,False
1,2012-06-22,26.50289088966377,4.416341586007861,6389.493853342618,3620.516646365693,183.72315797894868,9.883460801079929,False
1,2012-06-29,68.49986893378725,3.8863504229138495,,220.82718855050086,178.8263756969931,9.996120997395009,False
1,2012-07-06,55.49075885610001,3.125709713011175,,962.9951389281522,131.52820212472844,6.530575958383075,False
1,2012-07-13,75.87984110901652,2.60976522929295,,3222.733253129111,185.01673504432281,6.188183496743835,False
1,2012-07-20,56.07964128830648,4.269996713046562,4410.321617481616,,177.24277594334657,8.823861876405386,False
1,2012-07-27,69.62413813104061,3.97571153381305,4268.170566548643,2087.5304201394606,166.19428505755877,9.942047880050662,True
1,2012-08-03,33.91046821825419,3.2679277798394515,700.2970574747103,,125.26838359772286,4.531260463681709,True
1,2012-08-10,55.98359951423786,3.6615144144546554,,,129.169933511143,6.018222782970533,False
1,2012-08-17,74.92038553884838,2.5066927240859584,,,205.28218216919012,8.293319891405451,False
1,2012-08-24,40.79492342725802,4.320678204115069,,,159.1630140540356,4.7466253437811385,False
1,2012-08-31,79.84919916075376,3.0179653032036273,9823.305150800816,3003.99223221099,210.37239671752704,9.935109458880154,False
1,2012-09-07,24.87398071121705,3.303160472850975,2305.69195805019,601.6938101749797,124.6945357147813,6.304543668947497,True
1,2012-09-14,91.79526972374943,4.152411391587932,6297.779229961531,,171.82603666763922,7.583644434582046,False
1,2012-09-21,39.517502596364544,3.5304958486294518,,4487.18074023102,166.338074821562,7.737624297610712,False
1,2012-09-28,22.61488701753687,4.28984288245568,4574.320977737073,,147.2959374856315,6.860060969982211,True
1,2012-10-05,83.91451500102558,2.57084473683709,,3676.063272617264,148.13909605775268,5.51589456376531,True
1,2012-10-12,72.17857196373126,2.597567163346346,9621.219725920499,,209.44799309680675,9.948852010870288,False
1,2012-10-19,86.2179701853096,3.532158040887233,5713.189419195741,2718.8945399869963,206.44928803073486,8.403459513722211,False
1,2012-10-26,85.11206030386602,2.990571064510669,,,153.4008878745238,5.432140187806105,False
2,2010-02-05,27.9375570371438,3.8979814760791753,,4806.576440924537,166.54700087699837,9.27442888136879,True
2,2010-02-12,81.4960188056075,2.957250323049847,11.20111480109487,3783.1790189246735,145.8688330697908,5.158797187523758,False
2,2010-02-19,44.48251823774697,3.619688624617659,,,120.9072404652725,8.912076522999051,False
2,2010-02-26,41.25072111991862,2.5368554374764347,,1960.756057225983,137.94973234238333,8.522193004303116,False
2,2010-03-05,33.03151064806751,4.04170821708198,1663.7758693227233,3542.860023013147,167.35738884350886,4.3475227633527895,False
2,2010-03-12,83.93109943989857,4.480296745501294,4459.583070103215,2971.9792961427265,158.36122604056217,4.393756867444077,False
2,2010-03-19,47.88751469290435,4.137571286714188,,,135.89382832767566,6.811236500611506,False
2,2010-03-26,27.664521477028924,4.208419548923132,8259.207657998966,,203.9947164672472,8.636936680100828,False
2,2010-04-02,29.850134480703353,4.2361086450645855,313.0231374751624,4547.622554739092,205.73600920924986,9.78712283362125,False
2,2010-04-09,53.17240717856827,3.123903980990261,,3729.1850601548217,140.03591435487127,9.208736880943185,False
2,2010-04-16,62.206271475753695,3.4430649202050256,1592.4573827926447,,129.11644904061916,4.921948228966676,False
2,2010-04-23,59.776579529619205,2.5357237849566387,2941.679733434779,4837.556318068889,138.54588746766544,6.772583744593964,True
2,2010-04-30,64.87454488418201,3.7146128965253427,,1127.7007122186772,136.082546907819,7.909116800813588,False
2,2010-05-07,64.26979541642169,3.366493497943311,1495.8064266756576,,188.04566263593253,6.373270503279812,False
2,2010-05-14,74.14157209452013,3.813967715128986,9526.48638038717,3621.4265406320596,194.91616391012832,4.875532444210872,False
2,2010-05-21,62.81783763831232,2.5367352738810798,,,154.60165676448395,8.654828414757736,False
2,2010-05-28,25.431220410975612,3.5684844119528902,825.0853444042127,1789.0067546413568,152.20947022193354,9.864798317888715,False
2,2010-06-04,71.98954556170106,4.142881456019733,,4757.749871776635,132.42199667280593,9.37732781611023,False
2,2010-06-11,66.24534363968556,3.725888349731212,,4736.752313155193,182.53046602139477,8.700536355649689,False
2,2010-06-18,56.32988356805305,3.821640236598501,5974.758626319301,2404.5191572449244,124.07541060924727,4.983996885936984,False
2,2010-06-25,74.36199199055437,3.6865572966203572,4792.789285762873,1645.087189073311,167.01825926966652,8.465674393569733,False
2,2010-07-02,52.52415004672917,2.5873233154147224,,,185.326301923733,5.993887752130654,False
2,2010-07-09,56.99576350878497,2.6630529791048536,,,161.83997886676528,5.221469682053456,False
2,2010-07-16,33.064500243369025,4.421561102973953,,3143.8240910297254,193.53502986657526,8.606343328400682,False
2,2010-07-23,60.747539252246625,3.5279917356174497,293.9444575650729,,180.61887135611715,7.586341391535186,False
2,2010-07-30,69.12570041240814,4.4842666326813445,,,158.38471518677963,6.794876842121491,False
2,2010-08-06,37.68440704694074,4.052000414070859,,3162.7026661315303,157.28486371889343,7.075691231234831,False
2,2010-08-13,25.184958963996458,3.374330777633653,,,179.2918399831782,7.476489396061004,False
2,2010-08-20,27.14461309659697,3.8042464910608755,,,205.79862539227057,4.054182424777301,False
2,2010-08-27,64.90354850750806,3.293319552687124,,,208.37096696607526,6.652146242697145,False
2,2010-09-03,53.65831803735523,3.8387808029187225,,,178.7884371110387,9.691500129108602,False
2,2010-09-10,46.943806093718415,3.2587171798448473,3567.3205304000167,3908.951649225147,190.53855941122035,6.678211879075514,False
2,2010-09-17,61.86051871953972,3.579811679004425,,614.8540426481336,143.11309124276465,4.310181023449162,False
2,2010-09-24,36.852588272951,2.860020874945447,,,178.46707004425886,8.129247195199573,False
2,2010-10-01,55.99228111940549,3.871935471965968,,,217.30977480703464,7.480673378172808,False
2,2010-10-08,59.12975349771599,3.1853069762418307,1257.4151180664883,,134.35423620393928,9.63891875156105,False
2,2010-10-15,32.178642099674065,2.876698167531203,1561.6384479217393,,216.3346832820399,5.531839148370591,False
2,2010-10-22,93.39734655503977,3.2485935342795855,,,203.08771913417056,9.18765301573022,False
2,2010-10-29,28.483236430742977,4.091020743392806,6006.095425462361,4134.1944185593875,186.69715169909074,7.463111420270489,False
2,2010-11-05,31.946558393210385,3.709907845381082,,4966.684686793143,195.24277626155725,4.542890171722305,False
2,2010-11-12,28.18322238243123,3.8010232955834313,9256.748308807119,,210.13756495884442,9.267346954247966,False
2,2010-11-19,85.16754691554283,3.2513445037634527,,1641.9061394254054,183.02087483291442,7.658990832992167,False
2,2010-11-26,48.53147781745983,3.5969994433029537,5456.868884954734,,121.46670570462638,7.522370246206906,False
2,2010-12-03,68.19319767103921,4.018688655845732,5423.636649797383,4235.836806862871,211.423651595147,8.882597729917519,False
2,2010-12-10,31.174389197764604,3.553247594537919,,,159.436532381835,7.29648543058272,False
2,2010-12-17,73.66181803244558,3.542468264970669,4308.620915380334,356.40135027581954,215.46600300333074,7.928158488588089,False
2,2010-12-24,34.7865594929658,3.4583664588872,,,181.7351757412974,7.138508347490708,False
2,2010-12-31,89.7204408066492,3.5645204266780803,896.2633915494212,1999.526034020781,217.67252386625788,8.939044093573962,False
2,2011-01-07,29.241699062912453,4.218831586561178,1845.8512953703298,,199.34072581478372,5.111370679284458,False
2,2011-01-14,51.83955688972714,2.6740779251753173,3735.0968303838763,561.5217220560959,120.25840148449824,7.827911234759786,False
2,2011-01-21,64.51539268423603,4.087487700761033,1747.7344282737718,,210.58911047877604,8.619668201510073,False
2,2011-01-28,39.17337483569542,3.10412100366959,8511.742608527707,4047.6498788422086,196.6656135200406,4.898223807741746,False
2,2011-02-04,31.4737850621422,2.97047116960397,4728.919656331821,892.2298261388606,151.2271786048796,5.381477010567219,False
2,2011-02-11,67.84705949869776,3.0137676952914294,584.546141085539,,147.45402540001254,7.58228150137415,False
2,2011-02-18,53.20377250846453,3.391581829154458,158.2109176558244,,201.87070571192328,7.619316461280233,False
2,2011-02-25,87.91435942472555,4.045245454898765,,2978.7536409447835,160.11879140389826,6.201736475228804,False
2,2011-03-04,66.2866837546735,3.384819872961339,6696.026161339619,,184.0168223828166,5.626884619001109,False
2,2011-03-11,71.00989483275886,2.961658378308024,,,125.23388757865084,6.270858540915214,False
2,2011-03-18,94.66103680281928,3.3927047023952843,,443.8369705388423,216.1665735954813,7.809760273546199,False
2,2011-03-25,32.78584536304382,3.318955706010408,,6.183398797047213,150.08531083532552,9.887418246065824,False
2,2011-04-01,48.68947101830062,2.7396580040352925,200.2635592582447,3842.999023942542,144.36567160638666,8.029350661678224,False
2,2011-04-08,39.27854498240599,4.07580397658453,6084.864126597913,796.5201030949015,126.31090330791501,4.7058941708413515,False
2,2011-04-15,45.62558764226906,3.2618190510219742,,,170.9724246751698,8.951716649397381,False
2,2011-04-22,90.67902643266748,4.246673323447696,,2872.936911588833,176.65753621714185,6.346256578349046,False
2,2011-04-29,49.78840830719083,3.5794652375198854,6743.038064090484,3607.1103366436587,134.12780492755059,5.271894945413431,False
2,2011-05-06,44.18959833848114,2.5457876499522403,,,215.73228878945872,7.438248573585096,False
2,2011-05-13,63.13725128724687,3.4587088802757036,,695.9901230876492,209.8261627292706,8.975994430847702,False
2,2011-05-20,91.45981457009708,4.150401534831136,1217.6191112527479,,170.61075548467508,5.395308150192281,False
2,2011-05-27,78.25427228537696,2.74407010424879,9364.491738836605,1388.7631187463057,205.14486375512652,4.001995036722937,True
2,2011-06-03,65.19148728821487,3.229596438289059,,958.9122779593029,141.17553506654784,6.907609522113188,False
2,2011-06-10,66.46233135556908,3.094710096473678,,,127.46298143370817,8.696176244464896,False
2,2011-06-17,33.33247908884361,3.883236111138639,6331.896260134641,,143.2645538562681,5.324815778713835,False
2,2011-06-24,69.17927544212422,4.196031770498803,7920.936337605432,,185.4075795371998,6.125417442668647,False
2,2011-07-01,56.122613490114674,2.853774290287709,,1242.9012885747104,133.38037362794887,6.5114837297436114,False
2,2011-07-08,63.66111723349792,3.861949654476489,,1617.5019745573688,203.43033659547675,7.775792836064417,False
2,2011-07-15,24.846250988306462,2.5852664185740655,,,184.6090123462508,6.99600300987171,False
2,2011-07-22,31.19283334626321,2.7543995253748994,2434.7796840486726,4053.429639931331,181.40813111847362,9.157391389881674,False
2,2011-07-29,91.71666429867112,2.7662900083561937,,4714.155707066308,200.8883461636328,4.458501156628309,False
2,2011-08-05,89.77391636283677,3.006116865601569,8251.321959287037,,158.63489098483154,6.700746594518558,False
2,2011-08-12,86.70431870966331,3.4012393134595156,1056.934799062741,2216.3654372180913,124.78308203941054,4.228131089424729,False
2,2011-08-19,69.42766506527606,4.104261116255175,,,170.85792894475784,6.325571388896617,False
2,2011-08-26,94.36913066527055,4.441499915341341,7838.426767676739,,161.21309302627716,7.297696262313547,False
2,2011-09-02,25.153462438870083,3.3485937717697762,,4494.504120031177,198.2484924563938,5.367054505258659,False
2,2011-09-09,70.05127985348213,2.520855398794806,,,126.925430628586,9.758959108455574,False
2,2011-09-16,87.18609480289115,3.1444310068892567,,,131.3956634714317,6.91609301786524,False
2,2011-09-23,59.05761063756595,3.7329994537901667,,,131.0807962179807,7.591189454106194,False
2,2011-09-30,48.19946674559836,3.600183880916312,,,147.37913075141066,9.569905197091462,False
2,2011-10-07,57.203587900991494,2.525429779973787,6714.5493489464325,,207.92686599978381,5.550589721750908,False
2,2011-10-14,67.70530727973689,2.942126742907457,7481.919059789975,902.9729908765044,125.38582069980261,5.920358995125901,False
2,2011-10-21,40.19984737265188,3.5791124409910102,1079.4371464646435,459.3544385502235,216.51297421269965,6.930364780389637,False
2,2011-10-28,45.678772702515985,3.326832898590523,7434.237860766093,529.6535627924648,135.15693715876736,4.56254152387334,False
2,2011-11-04,85.7853831133553,3.3676010245095434,,4058.7610843285493,194.171206151293,9.288704678050129,False
2,2011-11-11,34.54654004508311,4.259632971883877,3109.2893000755416,4075.5919224018394,181.49782403411322,8.12730465927949,False
2,2011-11-18,60.402175050727934,3.5483183414523243,8399.639802821826,55.15807131232897,194.95454844688882,8.55205834066603,False
2,2011-11-25,76.71984934185895,4.183940742993418,,623.5702845569524,158.53758830473618,7.860191079470706,False
2,2011-12-02,36.290682326840795,2.775645798318471,18.798835249106418,,122.90713803439537,5.0013107071292255,False
2,2011-12-09,49.07551960627956,3.3046542493731117,5101.097124988252,520.6867896014372,142.54387554636938,8.21766064587206,False
2,2011-12-16,56.49482466828148,3.6987379313258675,229.3281126804203,,183.6490651049154,4.89399841689546,False
2,2011-12-23,75.9443906610256,4.463938380892291,,2601.4828845932702,157.34625961441733,4.734260543951068,False
2,2011-12-30,37.68931993577653,3.2428440037460913,,3832.942619858217,193.36158300423125,5.79666106295132,False
2,2012-01-06,67.81649483526724,3.492332768226439,,4955.632159106518,194.72195877420376,8.439918320113671,False
2,2012-01-13,35.220227568117664,3.6310999298428808,1652.9411097017455,2929.05072985951,178.6479092188707,8.186023765120451,False
2,2012-01-20,78.69364548885035,2.61227220683242,2255.4132992573263,,166.17328136123822,6.885436004518418,False
2,2012-01-27,90.30149706618984,3.912038015328049,498.42027782941557,4546.9509600419815,198.02130634301022,4.042175222881715,False
2,2012-02-03,36.89177767013673,2.7626988162898134,,2360.3021709849913,121.34026264321656,5.696474137472572,True
2,2012-02-10,22.721571696012663,3.0514397061911045,,4874.17326390556,157.12070938899984,6.573321273166232,False
2,2012-02-17,40.1104265071635,2.812763608806896,465.00586440065496,2809.964237334034,154.59204475016944,5.8911371265841534,False
2,2012-02-24,26.481845807190986,2.973568618622771,5483.205837264242,,208.21356142820602,6.360687079381549,False
2,2012-03-02,79.07847616457815,3.748850892943456,,724.8253618990852,192.5155727551115,5.147144208788734,False
2,2012-03-09,43.152405752989644,4.394071975477446,1830.1544423472715,,192.0008039663113,6.507939603222906,False
2,2012-03-16,71.2815579182782,3.590211056521399,2274.0949586137895,,174.2545803395423,8.75019993072011,False
2,2012-03-23,65.96751206464619,2.9522941031798817,4286.305469704757,,186.41879145054173,5.296542719111845,False
2,2012-03-30,84.64901813032041,3.420324528976879,2905.875598063551,559.6796351076516,155.59733737948528,9.868370907841172,False
2,2012-04-06,57.29419477360161,3.17955494312377,5448.477590845157,3770.5384015808204,121.79456785684918,4.7575226967556805,False
2,2012-04-13,32.12148584644036,3.0109866893112094,5601.822583749119,2789.9036939131993,175.2513614782725,4.564911460754187,False
2,2012-04-20,41.182317401488376,3.2814567312272267,3719.3266791686488,,159.73813904853165,4.560447831851773,False
2,2012-04-27,34.67069547833863,2.8734465915460827,,,195.74818847894173,5.658650143500377,False
2,2012-05-04,68.20059932543177,2.8916816251738378,5201.905232515544,,175.78201919292013,4.996205880497173,False
2,2012-05-11,47.232555247550785,4.294372681929238,,2990.56314684509,123.33836017863813,6.182158748536842,False
2,2012-05-18,81.52831305867299,3.1263239896345647,9677.558771033888,588.219940796626,193.97303320855406,5.918000994643268,False
2,2012-05-25,56.401923736991534,2.744867796717882,3230.1119838621385,4898.912289272609,185.61340180205806,4.7789586937103055,False
2,2012-06-01,26.97728648450204,2.5587283182047846,2097.5294768368135,,217.3457389976173,6.021043011166619,False
2,2012-06-08,88.86559997170814,2.7214968906379164,9880.65566652774,3258.3395935321296,151.4060794992732,5.5259318870699,False
2,2012-06-15,85.98664354637715,3.550869825091386,,,128.71794678318312,8.314464684123134,False
2,2012-06-22,87.90199057084027,3.9793426014535274,,2177.5272719907966,177.72497307686132,8.428414740031103,False
2,2012-06-29,83.28029948050433,3.0079497491440494,,531.718631278873,151.49195886129675,4.022902804746083,False
2,2012-07-06,32.534900860341594,3.810564819383316,726.7087161001629,,154.0380092666675,9.198319085508052,False
2,2012-07-13,47.02833649477607,2.6370108132539594,4083.063427594511,4518.039221733976,143.27631471012887,8.844376182039708,False
2,2012-07-20,87.41355411351856,3.801537095117495,1.8839955658189744,,158.97593874264922,6.2770174202483116,False
2,2012-07-27,48.620895490040006,2.7576974240005097,,2395.350315516756,121.8000088945215,6.528664249475485,True
2,2012-08-03,92.46825580300987,2.754907918845738,9727.763228920858,3496.5768756310185,203.9460909500767,9.890792159563766,False
2,2012-08-10,61.93886051219948,3.7564762209265625,6350.891059097188,,141.8443182883307,4.721483359070054,False
2,2012-08-17,39.74868378149001,2.5922471286714677,2838.2844702352027,371.2043649419322,142.6351494341486,8.381476882540875,False
2,2012-08-24,24.836845343687564,4.254478914324401,3304.0800387577383,,218.90283583501738,7.75705702955883,False
2,2012-08-31,82.86141376639434,3.070580676714633,,,198.91608465887313,7.440096073811308,False
2,2012-09-07,38.92304373795549,2.9404506027546304,,2626.1987876008006,123.26456775456685,9.211309037921733,False
2,2012-09-14,91.68683627905642,2.5502839165545454,822.0706371178165,2322.166181127714,133.75237748170153,6.04489419873908,False
2,2012-09-21,32.79364336678175,4.396216640342884,,3198.027805888409,187.64263623383923,4.790160630832231,False
2,2012-09-28,79.00627513658277,4.441532412949566,,,167.28971328109048,9.903041877132626,False
2,2012-10-05,50.52289322256979,4.282960031247013,,,180.4071677071219,9.444280988277082,False
2,2012-10-12,55.22313310105317,3.4009306033156363,,2348.718814953419,164.7468141322458,6.845730522587563,False
2,2012-10-19,60.27556162635188,4.208271995301009,,4219.62306305862,148.4908021530961,6.777111730095104,False
2,2012-10-26,36.388237576559774,3.2935936941726327,,,201.6682175450718,5.707373810577385,False
3,2010-02-05,59.86995984533232,4.25972535472232,296.68223064739817,224.2678401178433,165.0597018983134,9.576560166838684,False
3,2010-02-12,49.24042647061581,3.9597206176969566,6709.430047425079,,187.46078529162162,5.78036584662454,False
3,2010-02-19,91.55248456887804,3.9427869022125765,21.03843175883413,4147.937784326252,124.05587375446814,9.229586363729384,False
3,2010-02-26,69.89690764835414,4.100709758046813,922.8479207325723,2747.918283610718,210.03212680742715,6.425438377865255,False
3,2010-03-05,76.23880733273496,3.3253506521667933,6464.50090124607,2993.4620115954867,170.21536099619868,4.833227958379102,False
3,2010-03-12,31.574117396230953,2.843696962654189,7409.812502745785,4145.088662727455,219.12632267336332,8.920075774716135,False
3,2010-03-19,59.936952457786,3.3977061433494162,,,211.0134636782134,8.848135779439318,False
3,2010-03-26,54.99558385229119,4.133446405117089,,,205.18412368739476,6.423387185020743,False
3,2010-04-02,60.69007763991886,4.2234849898365905,2262.791082142318,,165.01233611819322,7.475598122923161,False
3,2010-04-09,27.415521323047656,4.279304066035133,,,122.74203099726577,6.357845352071747,False
3,2010-04-16,58.376103993613384,2.8312566940565307,447.7845050466822,4733.222169967731,153.9768827151118,7.103436290285991,False
3,2010-04-23,20.503279272804498,3.271749005790232,5959.8884218348185,,204.7139489693785,7.186512069311457,False
3,2010-04-30,63.516613908877204,3.6193768896758796,,,217.20252564965912,5.370920480528625,False
3,2010-05-07,59.893452989319755,2.7715780941278743,,,212.56373300253358,6.4849013459693605,False
3,2010-05-14,43.49046958026305,2.7941237011331768,,,203.54802363823276,6.222381917651839,False
3,2010-05-21,55.55048213623669,3.3882554263315035,5453.811212183025,,180.687734157693,4.9095057572192795,True
3,2010-05-28,92.80566152579361,4.047077783069128,4778.7844802224245,841.6847795956511,144.69074266675855,9.031295289416969,False
3,2010-06-04,82.01112303473143,3.9180274485740636,,3386.936607593584,143.50372148038252,8.984131063120461,False
3,2010-06-11,32.39315378319524,3.665968852329205,1505.2149166341355,1036.54501593779,198.23883294600873,8.40746753872848,False
3,2010-06-18,44.43673381733374,4.0850427839258385,,739.9207368291738,205.25577819015535,8.265308300093915,False
3,2010-06-25,29.927928427622934,3.686029000721195,3534.6074054678243,,123.79815632898534,8.475160231762072,False
3,2010-07-02,24.330578890188033,3.861511785920971,,,216.96077268480954,9.694672858536643,False
3,2010-07-09,27.025431552943264,4.009242443197183,,,169.14181775285567,7.134664872432786,False
3,2010-07-16,53.09177852414949,3.7115106062781136,3622.6808709859115,4472.262784121161,165.59792757599368,6.660735018291424,False
3,2010-07-23,64.35550695668661,4.113178684652554,,297.3578443364039,120.31678485807018,7.841189869357743,False
3,2010-07-30,38.02867915246129,3.123798160008561,,,217.15330423905885,5.3244729307166905,False
3,2010-08-06,77.19472960206315,4.358514796014458,,2636.130904199001,183.25441099658278,7.866821662726202,False
3,2010-08-13,45.00554916193329,3.966102379719987,7933.940143053477,1003.2550870188062,219.46486415599978,4.538872925696644,True
3,2010-08-20,23.312145213337345,3.1835648094735234,690.2954088784962,,213.70910284587947,8.931559815639577,False
3,2010-08-27,86.33182066264828,3.900068545544209,,,192.31494864646294,5.682006764749126,False
3,2010-09-03,21.837383620073926,3.112274681759186,6320.898295062422,3488.7813803671474,120.60887482398391,4.605647199865129,False
3,2010-09-10,71.13114830676209,2.7258632853720224,2422.312178245669,,134.51965128846604,8.26066033853024,False
3,2010-09-17,35.833435337460216,4.226801533714004,,,135.23295894645355,5.597008075093225,True
3,2010-09-24,63.74431193420867,4.184461492687896,2192.7396192387573,,141.46280732588028,6.496728568426554,False
3,2010-10-01,34.088213940333056,3.939582906709372,4539.468481083571,2773.286740175478,183.7090837080905,7.157670762029216,False
3,2010-10-08,37.599008133188704,3.106388118922092,,599.7684651194496,211.6791690702335,8.32393087169868,False
3,2010-10-15,31.89681083947835,4.2639843394432715,7217.215527171793,,160.24466374336689,4.61648951471454,False
3,2010-10-22,78.72624779875497,3.9300774377013674,8957.26725926173,2334.8399998180535,154.03707463057626,9.642691034417036,False
3,2010-10-29,89.81655290456062,4.1534293198620365,,4332.739908745434,177.18091636071537,9.443198929363733,False
3,2010-11-05,51.67883916382294,3.254627322812647,6751.4006114966805,,124.22917492226811,7.387774305983578,False
3,2010-11-12,83.31865268043639,3.851695492928673,,,207.55112265526162,5.096843419941402,False
3,2010-11-19,29.720048839658148,3.8522164628288222,2689.6803159538595,,183.43397397112042,9.996797489293783,False
3,2010-11-26,57.39280996292818,3.270240239805,4759.677310116559,,183.44241452865836,8.624683709583278,True
3,2010-12-03,84.42175140654722,2.8720460000113315,4157.975006874502,1855.808073928709,206.97631766817108,8.382978165752741,False
3,2010-12-10,79.71804466721407,4.008046069856764,,,213.08072973164897,4.754345613953357,False
3,2010-12-17,93.09438585014972,2.6043972580899433,4681.541413010304,426.70668242162424,124.30069518669394,8.001199963305531,False
3,2010-12-24,78.65115011997254,3.5876114557324748,,1209.4444177707298,211.10687027673836,9.02959215727423,False
3,2010-12-31,91.16344668733478,2.562843643022546,3302.4277933640533,1333.375983309888,192.4856499315017,9.265882117904688,True
3,2011-01-07,49.82356846940271,4.024618064043877,,,141.980534882319,4.789109601498268,False
3,2011-01-14,63.1516552438667,2.652769889982912,,,138.1739190709463,6.613045752833144,False
3,2011-01-21,45.63527791191369,3.9780531155759173,,2853.2481194046745,176.80925123378674,7.978044076850655,False
3,2011-01-28,85.94413361347885,3.85116018390052,8297.63120287645,1455.721238925895,140.70949181765712,4.913966713976073,False
3,2011-02-04,73.26015738485494,4.374756876328641,4734.008814949126,,187.16422815460297,7.493252558609387,False
3,2011-02-11,37.93690833366823,3.5614747105736715,6445.911747423436,3884.6400516361273,140.49812095268163,8.353763201646496,False
3,2011-02-18,87.205633384593,4.194388878067164,,,218.1653323852448,7.1635910854915394,False
3,2011-02-25,32.29107678353616,3.785637829600349,9473.952495864469,,192.49811699240524,7.232878054237714,False
3,2011-03-04,71.74998029817075,3.880193116475687,4973.124461689724,,124.45638234486792,6.493853120115434,False
3,2011-03-11,77.08162295179066,3.208535529682093,9623.102029877842,4643.301435074414,196.08543445144957,7.281157845850757,False
3,2011-03-18,54.394845763538,3.6217489267252354,4813.333765356649,3371.7448951173446,133.69990630536714,9.969888215950558,False
3,2011-03-25,49.38937223068091,3.818227528939053,,2491.180002496365,160.66740699985831,9.718120127073394,False
3,2011-04-01,36.43381096024538,3.417926958754597,1760.9547133059466,,121.30295677570838,4.085140296374603,False
3,2011-04-08,74.90919551322169,3.2100821129039163,3952.059263099702,4835.2634071301745,159.27937758093435,9.125331438045208,False
3,2011-04-15,43.2499952878842,2.9640796578022117,,4800.838923643727,196.35790688665725,9.13124191011022,False
3,2011-04-22,82.65558731315944,4.068841716006835,,4023.7656099484743,124.60567341899564,8.84847569413498,False
3,2011-04-29,58.60127128410792,4.116550879111875,,,160.27643984622517,9.367856785465808,True
3,2011-05-06,87.60373224814512,2.807614049283216,9548.469930384681,,171.27202478126281,6.889296041655125,False
3,2011-05-13,26.804127667619827,2.565235896683133,,,147.55479392194835,7.732237374225963,False
3,2011-05-20,48.97423798073494,3.6476825082090265,,4511.18201731119,207.735561220526,9.846233432075545,True
3,2011-05-27,82.98621216091483,4.003544346078186,,740.8896411497274,187.95499271339085,5.349341300895475,False
3,2011-06-03,73.93699227084267,3.6266492840660933,,,203.96596557087904,4.862886101888883,False
3,2011-06-10,87.78181788313566,4.191699100919935,,4115.804153544296,208.888742400363,7.267034614295368,False
3,2011-06-17,39.148180737794874,3.0913893480832084,328.09624128608436,1821.77119214116,149.52418024896423,9.276979424368758,False
3,2011-06-24,27.12897841495196,4.153493536052494,,3869.531108853326,155.26026059288583,8.94872713766672,False
3,2011-07-01,54.74702399545976,2.5908065629373853,,1959.1198164175,174.67005205567682,7.192130073905511,False
3,2011-07-08,24.599821673246197,3.2243525095974563,2005.6025107298292,,121.00906066890248,6.624891559649258,False
3,2011-07-15,23.892570769048177,2.8822374189920055,,3203.1779640129325,161.5943904581855,8.554413635550254,False
3,2011-07-22,87.20305997429143,4.136053498277386,,,132.53564757923857,6.021788354304739,False
3,2011-07-29,50.43133764612958,2.940976869378213,5424.710034626561,,158.06896811608658,6.48681829323606,False
3,2011-08-05,21.550352666892834,3.038039293596621,2688.4674245284336,2409.337396373083,156.17102548595807,9.695251761223073,False
3,2011-08-12,29.745602920095592,3.6201833948867908,7084.896974927973,,217.24199990401033,6.692881874479636,False
3,2011-08-19,33.51468155961109,2.6964699843781608,1220.3049432184864,,205.04716147608377,6.067624506685358,True
3,2011-08-26,23.892147463880814,2.784340893407791,,786.6314000091412,131.8874391177072,8.588314848857674,False
3,2011-09-02,52.649316609142716,3.5986195429602077,,,170.66726489827457,6.323423627068576,False
3,2011-09-09,21.20463987357546,4.064342526182492,,3079.559578383606,204.32780909364024,4.585085953845384,False
3,2011-09-16,57.58159101966478,3.912386365926717,5407.345671331042,,150.88344240073408,6.893586167513153,False
3,2011-09-23,92.11350042373135,3.9288215272531968,2267.2738232996326,4043.9499228176924,187.71524124576737,7.750175116511235,False
3,2011-09-30,81.23080887237731,3.503030922959468,,,213.52970985453277,9.104081563629077,False
3,2011-10-07,67.09950369530736,2.995020146280824,,,121.97956583472543,6.344092665915635,False
3,2011-10-14,50.874159534252684,4.369988863677531,,3027.5238330793823,144.7131554661392,6.135128555555268,False
3,2011-10-21,45.00969451970079,3.8550818910070683,,,158.14410414133116,9.892297222095776,False
3,2011-10-28,75.01150598690779,2.732381913050892,7852.688115160151,4951.80890999186,152.52539059245518,9.64763468945111,False
3,2011-11-04,20.861049481203338,3.400233052949622,1031.2136240807579,4894.787535205521,175.549542410586,5.138891817832936,False
3,2011-11-11,35.33304304621601,3.5394085257889687,,2583.949695640791,194.0161368761463,7.78420282695271,False
3,2011-11-18,71.7334136936091,2.7878838271444617,1721.1060282277767,341.670524228021,163.0374749690793,8.174784865932669,False
3,2011-11-25,26.907143992467677,3.6067580322534147,7037.923109905077,,176.3659971028762,6.7041188496334785,False
3,2011-12-02,63.76677254936139,3.5515124391182695,,,137.40816753114294,4.702396248545012,False
3,2011-12-09,65.91936130713835,2.9261700173696163,66.82129223887779,3126.0238476522113,157.3554801047682,4.3029336664744475,False
3,2011-12-16,48.921013464923604,4.372534278826438,9396.515112935082,,192.57259103641033,7.703494125092354,False
3,2011-12-23,36.10008979794026,3.8299890324755475,,1635.223220759089,209.00570254652524,4.5058078876681025,False
3,2011-12-30,84.5989719361318,4.134504622733642,4383.849800307613,1145.8597560708106,174.68759658760445,8.024053152293954,False
3,2012-01-06,35.3018499303934,3.807988184679602,500.18576821112214,147.52027572602967,155.59710324883943,4.094879177397773,False
3,2012-01-13,88.33762138850594,3.2097216614922957,,,179.70957701867198,7.568819288066738,False
3,2012-01-20,44.977615385404874,4.269928616361176,,,148.33047624249306,8.720617020142765,False
3,2012-01-27,58.52082849082434,3.0067143401193226,2914.9574092372286,2137.4782517837957,140.62174050841398,8.798312583789167,False
3,2012-02-03,84.88950105483583,4.330514369835646,350.0791480680565,2056.6973324957194,207.3722920182225,7.827725576108433,False
3,2012-02-10,57.457382740012655,3.570051009197866,,2096.948058334858,170.00801182715827,8.710586284574246,False
3,2012-02-17,35.08240455820006,3.6804653183017857,,,122.83112744026678,5.260176097097689,False
3,2012-02-24,73.47200058941043,2.522984946596231,,559.4030827456193,171.6424388218611,8.719134294345082,False
3,2012-03-02,76.00824796502884,3.941131097288812,4462.0122097754365,39.822023727255626,212.4561055376805,6.659839057103052,False
3,2012-03-09,39.116168668616176,3.985061665680843,,4140.584145031714,141.60601162447665,8.855946389711574,False
3,2012-03-16,67.41624483154618,3.247040353799375,,,151.8608962763607,9.421350660595182,False
3,2012-03-23,82.16534571897189,3.197780150083647,7944.856336484907,1723.907100363235,166.18434812751104,6.487096388900754,True
3,2012-03-30,42.19571666439924,3.4183784674651236,,1924.0180861055162,168.93764489706703,6.57765155279418,False
3,2012-04-06,84.7229299240222,3.5637781580150283,2967.866820198506,1726.1497683498621,161.42009255718304,8.394483188876011,False
3,2012-04-13,29.112154331582406,3.7692785129747612,1184.1503917593188,,151.10024947326804,5.001586424905009,False
3,2012-04-20,40.07005991462806,3.1713476660781192,5719.122038506007,2073.679134837355,195.3865073836925,9.228810528259203,False
3,2012-04-27,50.8898555313122,4.007189261491506,,,174.66852550992888,7.4524563237168895,True
3,2012-05-04,90.88356415670066,3.89325454243478,,2195.4778262541427,218.04355702703717,7.073708543460911,False
3,2012-05-11,77.3600729344458,3.857795450155681,9514.420287256811,3056.6830110832343,205.7308902360841,8.039478636127189,False
3,2012-05-18,86.42148231813299,2.9438009215687457,8815.634549407569,3486.377095269285,195.2638294071836,6.790331489803866,False
3,2012-05-25,35.25773563520684,2.7547728320006786,,2552.8089770466904,202.05987576765867,6.427411938424104,False
3,2012-06-01,21.002576244454673,3.319478472885878,155.0833062659218,,140.795635928939,4.251912573457529,False
3,2012-06-08,33.62924699211174,3.9861630792627603,5455.851826691478,2252.3928573529765,171.33682102249156,9.935306523746501,False
3,2012-06-15,90.69094547576789,2.5856751102382267,,,192.9234742913643,7.650453615280107,False
3,2012-06-22,48.08602999760127,3.2389638680627604,,,212.92884022620595,6.275359223082694,False
3,2012-06-29,83.17441285624506,3.2464823127584674,953.7160227305864,,124.86576636617133,7.486090560250657,False
3,2012-07-06,61.10242674981801,3.5421463810167757,,3792.5094045819537,121.46282588776756,5.24345379861327,False
3,2012-07-13,48.99651294753757,3.8249678938832163,,,135.8678873689685,5.54938611799696,False
3,2012-07-20,52.48723334863748,4.04860536588919,5416.464182167599,1534.52256597285,161.4971215400078,8.276666057300986,False
3,2012-07-27,64.13787013692416,2.870745558165023,8615.137072268935,3621.7220316476983,194.5753379076126,7.347564670904204,False
3,2012-08-03,30.02379360578885,3.387718376842602,,2155.4343131164474,174.93426449027575,7.199508395674615,False
3,2012-08-10,76.1174623498922,2.9500837523417442,8259.177073160305,,147.8457546373573,7.928254452137795,False
3,2012-08-17,24.73552196955435,4.0535809668144545,4615.229275886068,3933.5417035365454,197.36625648956658,8.48703144647243,False
3,2012-08-24,36.29231648397581,3.42798026292885,,,208.84641099229208,8.945961351275615,False
3,2012-08-31,84.35902956883277,4.067544778034499,,,171.42010400093392,8.4173732951713,False
3,2012-09-07,70.00789323379229,2.6886548525820873,8127.13619893062,4836.317937631828,202.66520574606403,9.41856236725923,False
3,2012-09-14,80.10109939053564,3.8485176840129984,,,177.1162298622361,5.8241816346879975,False
3,2012-09-21,92.08695617826238,4.283421730405491,4060.118017061106,,128.0222246455714,5.873178209305622,True
3,2012-09-28,21.286233643639857,4.333206603284822,3089.5599006815264,,171.1635717895077,4.032076965126187,False
3,2012-10-05,51.11113395417104,3.3046699104746655,,,183.83222397918266,8.39802171777012,False
3,2012-10-12,30.382661999704574,3.657680336071185,8684.107879413821,,157.1485943659434,7.711162352309113,False
3,2012-10-19,55.19639204943428,3.386118724660842,,2305.8345062695503,213.99317919698225,7.024022581577956,False
3,2012-10-26,82.46239264018068,3.224862645231658,1100.6328420111522,3158.217575414458,125.43907485223112,7.865540341904869,False
4,2010-02-05,25.235049096097168,3.6093754195601724,8102.585866995313,,140.4166559168243,4.254053672634303,False
4,2010-02-12,53.96833027007081,4.3974887902994215,,124.83111060028584,137.14341767105427,6.721473999537005,False
4,2010-02-19,71.42754072002329,4.320426069735513,9535.350978515087,2922.498977653951,203.37919509188274,7.855465661941804,False
4,2010-02-26,75.54235424446324,2.6898168825346924,7026.402058582288,,143.07946539265316,9.494033393569898,False
4,2010-03-05,38.47145141078987,3.881359542296013,5015.7569991794835,3417.2688870375446,157.54411096679127,8.800440592461207,False
4,2010-03-12,29.391541963762357,2.901105955690533,,3015.1977752664166,181.8991564698588,9.644639798137005,False
4,2010-03-19,29.595269338383737,3.1950141648503623,,,186.93086091618792,9.351358619539376,False
4,2010-03-26,61.39078523158892,4.078818843827172,,,167.49509652637482,4.331335124458171,False
4,2010-04-02,25.61159038962298,3.3769134305011566,9853.038322872855,,131.44315186123586,4.0522368823752615,False
4,2010-04-09,35.54547343007507,3.7611618831661846,,,202.66183455024887,6.193574206023801,False
4,2010-04-16,42.685927187594494,4.4507465542928415,,3884.01666069944,127.64799554993131,9.920374609005092,False
4,2010-04-23,27.393719526680925,4.158628468251519,6172.188058779008,,167.8496116255962,8.683336161323282,False
4,2010-04-30,43.37673713862811,2.506281812096244,,2208.7324581885355,218.4234499234434,6.374247781442755,False
4,2010-05-07,41.143928217854686,3.227619282281867,,,174.72375204206432,9.950637285875496,False
4,2010-05-14,34.94344658062355,2.5899228831831023,,3825.8016440838314,214.04192073007468,4.094939031980925,False
4,2010-05-21,55.31505171673826,3.812110043951408,6870.391505824806,585.058624289731,199.97179136187196,4.739395454297949,False
4,2010-05-28,51.2109025730455,3.527701469153196,8898.837264734866,2550.741902281616,193.62398101338331,7.0773823331128565,False
4,2010-06-04,50.208187492467495,4.440470688829754,7416.026194517855,,133.16535887932585,9.128220700559185,False
4,2010-06-11,84.06955917480018,3.481530013424721,,3019.2549127013895,177.66140071297178,7.352595667746386,False
4,2010-06-18,78.92323276468454,3.005596888031546,8939.852050469608,,192.94637698316637,7.439339166697549,False
4,2010-06-25,94.1391235996585,2.5504746916965284,,2609.7650173928196,178.8933074945564,8.510057032137516,False
4,2010-07-02,65.02110953960278,2.6070289258260866,,,146.53701116019755,7.326024846042069,False
4,2010-07-09,42.04618257626731,2.9741694170346804,9446.657321710953,4622.6123436595,198.5812645468373,7.539687296810852,True
4,2010-07-16,77.9387214559553,3.9049766831769377,7604.243116824717,3520.4163566066954,213.51720867264933,6.254830095076517,False
4,2010-07-23,55.67658635082191,3.8487993036279633,454.52500435795963,1133.7059220347228,187.00325378075667,6.809981115602881,False
4,2010-07-30,29.25506114041973,3.75264470331239,,4641.917528181537,219.63982936790555,8.7760444145637,False
4,2010-08-06,36.162556915066325,3.1720141179802175,,4574.829325389843,138.91391000229845,9.534204908020618,False
4,2010-08-13,65.8078048013779,2.899682542563879,,3257.5784166444623,141.07814493546883,7.338737234952738,False
4,2010-08-20,82.6299459091265,4.354710361172595,,,194.94260059808087,6.58667443058203,False
4,2010-08-27,41.21008480028748,3.3371645710629783,,,149.37759061743907,4.248995003098477,False
4,2010-09-03,64.79693152651019,3.806766996957361,,,181.96159269449223,7.5977654107595285,False
4,2010-09-10,46.28099375076481,4.32586200954938,,,187.81138309542087,7.258128585200585,False
4,2010-09-17,52.67335928423824,4.088961635707012,,,151.3163201829777,9.097205292927407,False
4,2010-09-24,94.37720550293389,3.582005797855325,9389.964220859776,,139.8491074605349,4.989308659390831,False
4,2010-10-01,73.2599480423403,3.045899989462976,,,211.32326804214563,5.136360507309076,True
4,2010-10-08,24.50723077836276,4.309532683360236,2730.406193278068,,149.42667366371143,4.68878156350768,False
4,2010-10-15,78.81546307739501,3.4247823538250817,2494.582042932323,4280.662495068717,155.67687116232727,8.544786672704307,False
4,2010-10-22,42.41428514442731,2.714114357108372,,4701.104027856425,180.3796991929096,9.178813226414434,False
4,2010-10-29,33.00072897314607,3.471634857825263,,4749.49834123038,133.70894580787564,8.403298784815249,False
4,2010-11-05,63.77037777560748,3.2802404693766785,,,141.79087082520135,4.091061293720961,False
4,2010-11-12,27.938992690843165,4.246038788059432,6996.899090587084,,176.05798090010487,9.655955061799784,False
4,2010-11-19,39.04533289427721,4.059976653821089,,,156.15413987540387,4.553007750834594,False
4,2010-11-26,36.97064381124499,4.291395926398745,6997.052060994762,4317.328651707317,142.30620615427569,9.238653056585365,False
4,2010-12-03,76.11206197907642,3.622511356149848,,,199.35706545388015,4.190670906143946,False
4,2010-12-10,38.005305536567484,2.7886184014432063,,,172.3586485221453,5.309559236162377,False
4,2010-12-17,63.08275669041543,2.775770538712021,8977.435665097253,382.19930519723835,209.58841811926595,8.763576315159789,False
4,2010-12-24,23.883941654961266,3.6146211506286168,,1791.6732833583687,211.28924447365753,7.394129032846035,False
4,2010-12-31,30.46991505198501,3.652944875115508,7815.056477421821,,140.42467589121674,4.1005378269542945,False
4,2011-01-07,25.742619382515425,3.341522403531852,9371.08944919677,,144.97721624465197,7.92496092571659,False
4,2011-01-14,44.908233748109346,4.356203671019573,2239.8254586508115,,171.23003468870806,8.641432610384323,True
4,2011-01-21,72.000136530103,3.796471794764194,,4700.915956260413,124.67858449717686,5.917912331752375,False
4,2011-01-28,87.44452691935172,4.424522893218313,,2658.305118822415,173.77829347413766,5.668597090398139,False
4,2011-02-04,41.60040094430308,3.6126560145141586,,781.4185477488811,142.00886768713866,7.109657058685878,False
4,2011-02-11,27.1796791058298,3.1353893950943243,2623.429667809457,,203.64984906180334,4.301286590142731,False
4,2011-02-18,48.47125733387527,3.1331735198173023,,,151.48258293516488,4.258314416294011,False
4,2011-02-25,49.867084546850876,3.387807664639823,6580.549838612207,,214.3174822961285,5.422866795866267,False
4,2011-03-04,77.60961337856617,3.5009546317334364,,,174.74714898623188,5.6463076312155245,False
4,2011-03-11,36.14033597998946,4.268710300911507,8284.88133895241,3483.4755571837427,152.43458076950557,5.403381588833221,False
4,2011-03-18,84.28937427946914,4.14085364051804,,,158.22522519774583,7.716060724821468,False
4,2011-03-25,78.51419513622463,4.495245644502771,,,163.0983901920822,5.826955196493705,False
4,2011-04-01,24.926908736724442,4.274238634447396,,,211.69420482009158,8.657742865095686,False
4,2011-04-08,62.406497570580676,3.3845045530391182,7242.325476119492,1702.7241773994845,200.49637303992546,4.3143477735691675,False
4,2011-04-15,45.17174547334338,2.6536148821385623,,4741.257688950396,150.46023557741904,5.587094823933029,False
4,2011-04-22,40.82893155131329,2.571860364371946,2136.9814157032843,,120.96868827409678,9.147730545490344,False
4,2011-04-29,91.00670263802775,4.063230958392798,,,189.77163075532928,6.184676650062997,False
4,2011-05-06,20.469310326985266,2.6237714033609505,5660.716464481651,659.8265981198088,171.31830837567787,5.166685866590131,False
4,2011-05-13,50.7871845545416,2.8266732961781145,,,145.93884007431961,4.525547784435679,False
4,2011-05-20,34.493706142562615,2.6011183759190777,2873.2671650890197,,153.19982942377652,7.97677764525833,False
4,2011-05-27,76.93151994167287,3.95505846045019,,2763.8118401679158,141.6250528186529,5.251530206446304,False
4,2011-06-03,88.310200322736,3.5948296807594518,3465.587598165476,,132.55655786372515,5.027769746930022,False
4,2011-06-10,63.862897376666155,3.175064931767638,2465.19905637983,1724.088038730849,153.73109541512275,5.871471433220231,False
4,2011-06-17,28.33528604990093,3.7962100690682465,7905.2051027167345,,174.55821217920663,4.63354927585984,True
4,2011-06-24,69.22893945385755,3.5703046673607006,,,218.97564134093346,4.180127992894431,False
4,2011-07-01,57.84642684557717,2.73456029560089,,,196.16758762136627,7.042494544361601,False
4,2011-07-08,93.8880916318006,4.036010870626419,,,181.8772077041005,7.992191250513426,False
4,2011-07-15,68.3645917111235,2.5470649888281978,,,132.91744452431104,4.597279076852651,False
4,2011-07-22,59.27004103644588,3.007168233992738,,,139.50089804386158,7.9125583712899035,False
4,2011-07-29,79.35976556671392,3.70493966140691,610.0714300539489,,129.327144677817,9.782938965270843,False
4,2011-08-05,31.383155738832652,4.279153236660984,7658.2903923490985,,120.13462709565637,6.268604618724705,False
4,2011-08-12,21.378960661369796,3.4281333788090094,3238.195749024314,3261.1767656622037,145.10801036651677,7.902551492943186,False
4,2011-08-19,29.150556018266677,3.90276657111938,,917.2620057511466,179.41418627564576,6.468247428475536,False
4,2011-08-26,22.088293068306005,3.7454645645856663,8420.15661506744,,197.74554671823856,8.037082800931268,False
4,2011-09-02,56.944925391636055,3.766823480484254,3978.8417555702304,2960.0842139453143,136.59010243707863,4.148104943347508,False
4,2011-09-09,61.00222462222549,4.179640704406976,,4315.045230336134,135.06874870008338,9.109565915825314,False
4,2011-09-16,74.51291232861782,4.069539363649976,6054.812505259453,,203.75308340760557,7.6869146650697875,False
4,2011-09-23,39.02266666355287,4.012668539165773,,1629.1173038524237,132.77746527899905,6.654199198614513,True
4,2011-09-30,71.34696456987247,4.305411020890713,1273.6947344788107,,201.3434482324264,9.545525647618696,False
4,2011-10-07,57.42283376853245,3.1365240827714516,6449.029052923559,,149.87828710542516,9.347200438381615,True
4,2011-10-14,44.20449295449788,3.608713362432738,,,201.52763310905598,9.366426331891043,False
4,2011-10-21,87.40909173030107,3.606223942116743,3840.426383911004,4944.1776569458225,142.57277238391273,6.339398477746483,False
4,2011-10-28,30.35116152650388,2.6620772209301133,9767.943728275863,,128.76498361946534,4.394870564143459,False
4,2011-11-04,54.786068729575994,3.140054633124784,,,168.903577530762,9.157338381507621,False
4,2011-11-11,72.09903296076315,3.229341352468673,6666.170848793723,,177.26428531155847,5.540460977858548,False
4,2011-11-18,51.94532813502046,4.489368330392974,,3368.5086677107824,196.74988305907056,5.845178772942738,False
4,2011-11-25,79.73813897927813,2.96508266324171,,2617.817897649279,148.22624704129328,5.788453903148937,False
4,2011-12-02,77.86340464988658,3.8038017311249215,9754.730283140218,,126.66938814054488,4.288553862472213,False
4,2011-12-09,89.94084420143382,3.54642610994175,,,179.85951074046707,7.917697948827053,False
4,2011-12-16,93.2773757408882,3.5895444539655776,,373.192155397144,210.77354331775126,9.979393937733894,False
4,2011-12-23,77.78354158054923,3.1746056729349728,5297.139661083676,4620.538579556397,217.51799759755085,8.999226139580045,False
4,2011-12-30,92.49106374140618,3.7562390624871433,6761.0502581435185,,157.0024524142816,7.302830662617643,False
4,2012-01-06,43.84869135052512,3.659462332268384,,2333.640468839752,127.67228268528852,4.9963151288892185,False
4,2012-01-13,57.447720951074395,2.7126745946964546,,4363.275360880277,165.2086596811366,9.914831925101234,True
4,2012-01-20,66.04845922050454,3.73285635474374,,,165.53831354806076,6.489762616478083,False
4,2012-01-27,30.151657622996304,2.8952784411822603,,,172.52584187815833,4.667252484029312,False
4,2012-02-03,42.302114848135425,2.8250759749374157,380.86300599319276,3490.992153382499,141.49165313867192,4.2517844406618055,False
4,2012-02-10,27.394567268145234,2.7329556993466744,,,172.99703410214207,8.07035131301808,False
4,2012-02-17,31.12702529671376,2.844172064905253,5583.523150641136,1857.732556599372,181.44000074313237,7.1419804963276645,False
4,2012-02-24,55.24365290251965,3.504981753653864,,,199.14097505069756,9.494729436724763,False
4,2012-03-02,43.022921165676365,2.8903943291437653,3230.997016663373,1628.4240103197662,159.41360467826283,7.620005177272208,False
4,2012-03-09,55.21389990092253,3.3453120675779164,104.93641139944442,745.7041296986872,198.59252762089133,7.707589359077788,False
4,2012-03-16,85.54062166407638,2.525814455961984,,1757.71130024849,181.03774953183276,4.144661160452001,False
4,2012-03-23,29.53221801638294,2.878567291832019,,4527.694189644506,203.5372530284246,5.181327230654102,False
4,2012-03-30,34.955869831890126,3.0289436333343813,681.0902472352254,,213.53781613071172,6.796697755950934,False
4,2012-04-06,21.092536606345917,2.9947994941166916,1646.2842825866874,,121.43309058670013,6.870012890023335,True
4,2012-04-13,81.47071647993499,4.149707534974207,2833.640688911182,2714.9906630263463,157.38081088670023,7.7519797582253975,True
4,2012-04-20,30.72206582005641,3.9845870763405253,,1925.5130141151483,205.48057787992616,9.714491835979862,False
4,2012-04-27,40.29649960201975,2.8883257380921643,,,122.58093928631817,7.319743837738001,False
4,2012-05-04,94.5936491776445,2.903683670727516,,,211.75430096537445,8.666867466750704,False
4,2012-05-11,87.70728409733816,3.5497999734516767,,,178.92146143478556,6.725670380738935,False
4,2012-05-18,90.26958977983541,4.4680630285582605,7567.5809024692835,830.3742616675686,125.91058208756546,8.14435789067958,False
4,2012-05-25,23.522974332360484,4.356103500457696,,,187.23898127987044,5.0192355664268575,False
4,2012-06-01,44.835986687311234,4.031943149710358,,2898.095486140683,122.22184820255804,9.93123992227424,True
4,2012-06-08,92.58520532363637,3.5997283567287965,1147.5359941383545,,136.95040918660587,4.305849262134655,False
4,2012-06-15,35.58375657212686,3.675394036575092,,,198.16325580532472,6.622309131053126,False
4,2012-06-22,68.55934555591595,4.187510087974587,,4808.079035230829,193.02433343578682,6.939222860306467,False
4,2012-06-29,75.4762173322331,3.724551531387745,,,201.0468217215466,5.635903883874908,False
4,2012-07-06,47.9090161431274,3.543768656315886,,,215.71969635192346,9.340828320681483,False
4,2012-07-13,54.4733448039303,3.8515225857904474,5685.522556046121,,183.2802610661507,8.61352026742701,False
4,2012-07-20,20.830891444573226,3.9603469066213535,4340.521760809567,,160.90851486348762,6.126263097916812,False
4,2012-07-27,74.81597174916557,3.9014510425685276,9386.648132933722,,144.38019377101796,7.935419878590397,False
4,2012-08-03,43.625788038756845,2.94920488014977,,1272.7027146083058,167.30275033430206,4.259891639525872,False
4,2012-08-10,44.79207517297181,3.9894734556584197,,,171.3175082282036,4.783027357824639,False
4,2012-08-17,43.79791080653649,4.323919168399266,,913.7558299371796,151.90450743322398,6.493084378372396,False
4,2012-08-24,38.19336995553689,2.6826176050893404,,,132.85964859605525,7.44310358785016,False
4,2012-08-31,22.319816104517454,3.9288282029409958,,,145.3612770859708,7.852519044114394,False
4,2012-09-07,57.08908438403059,2.743390613453345,3160.7768384326405,4041.9744115201147,181.16464193899924,5.774485375570124,False
4,2012-09-14,44.5565719050086,2.8292410264730097,,1923.6628825372247,163.5995180570586,7.564296793400867,False
4,2012-09-21,25.05326536414443,4.163081572675331,,3863.354940640833,191.48995340913137,7.473865879324871,True
4,2012-09-28,47.028161927237804,3.7096788587251623,,1544.0113767480768,149.35347924586605,5.595986158555948,False
4,2012-10-05,61.805372323564036,3.914030588545182,8077.178199814796,4080.3952117167564,121.89454033743546,8.415507721311933,False
4,2012-10-12,29.9696032030987,3.7769775695982712,,,133.76297343983614,4.005576501219767,False
4,2012-10-19,21.846348788092893,2.918911539019022,,,211.17258769127758,4.241733674407253,False
4,2012-10-26,71.03595968932805,4.363395947362338,8037.552360117626,,158.59395109369274,6.243682806874405,False
5,2010-02-05,31.35283784474562,2.8037723446732605,,,138.24580406524902,9.791257831274411,False
5,2010-02-12,67.40144063168273,3.9522225186892737,,,140.6581016221781,5.879598859483663,False
5,2010-02-19,49.87104118167908,2.5136293958002565,9215.133919074178,4126.056856298155,199.5058017606131,5.9423849536625415,False
5,2010-02-26,30.737101835839475,3.815432294551907,255.69799089734667,4516.240525475652,146.74152784721076,8.874344345116905,False
5,2010-03-05,64.99758936957996,3.4712937306685543,9262.052018843451,3925.418286198785,147.3698457678371,9.47091177211655,False
5,2010-03-12,83.99969124190909,3.1563201447072156,,1156.3996415797772,144.3571125864632,5.836282997372629,False
5,2010-03-19,33.28453581486905,2.5102792551711204,,,188.2652605044199,5.41373710714989,False
5,2010-03-26,85.34387205489894,3.0788817899364167,8032.449046648063,2989.199934228425,128.19657346436622,7.8810233735582855,False
5,2010-04-02,67.87629330653239,3.114291296208423,9594.721829554119,,128.81521581366445,5.1672101990109045,False
5,2010-04-09,70.74834761148855,3.7720946846782533,,1539.370626371837,167.72000794179613,8.758378170223935,False
5,2010-04-16,89.93666926923514,4.367731885692498,,,190.56353963689816,9.533151568307705,False
5,2010-04-23,42.818139787039684,2.778493689188219,3063.0099688753753,,127.09159594879793,6.098776370845552,False
5,2010-04-30,37.48046089181262,3.8903749324201313,8634.846083691153,,217.75899603450432,7.495771876242193,False
5,2010-05-07,88.36360443993881,2.9430345442262116,,,172.75636489994199,5.02957820239114,False
5,2010-05-14,54.69451603288648,2.566535942338717,,,126.31299092079665,6.380530338733176,False
5,2010-05-21,53.844996055483584,4.238349714806175,4679.804624780434,,201.76233783044862,9.370339623998998,False
5,2010-05-28,70.51599335985432,2.7747234919373485,,,213.08240749901142,7.964791178145462,False
5,2010-06-04,43.367880468667174,4.1913070445546845,,,157.6414962520694,7.42456888575444,False
5,2010-06-11,84.65571069324477,2.710810571912334,5129.793498209075,,202.22281125770107,8.517091935293237,False
5,2010-06-18,85.7144358702167,3.9455692012430426,,1538.514066949219,144.21746503474705,4.438021557397764,False
5,2010-06-25,73.32507214623584,2.9689989553481873,9178.40883093553,,143.2636638386775,8.501564764523893,False
5,2010-07-02,66.84979807127876,2.662328448927429,,3432.5697152162625,201.50721006758067,9.264712759619012,False
5,2010-07-09,70.36908072041945,2.5634449836320625,376.9772491485279,1603.622622299788,176.2429374117921,5.676671843913415,False
5,2010-07-16,86.48768949814269,3.297284988426128,2670.750074563324,4293.80714919352,152.58813426157903,9.724253590468514,False
5,2010-07-23,21.370630229262968,4.3082707051563816,,4756.984309895531,133.70209100363206,7.2255077541553945,False
5,2010-07-30,52.11163797725899,2.6228502585196654,,,163.86475002460548,9.864977549253359,False
5,2010-08-06,75.30574582339597,3.5740826294839483,3393.228356557111,4968.919876890861,151.46289089351987,8.044105209303805,False
5,2010-08-13,88.68556875130042,3.9358653818802036,,,122.07580321239642,8.565315866029058,True
5,2010-08-20,84.84892659520592,2.7373212289490776,,,193.78804151687424,4.834013231194466,False
5,2010-08-27,56.213845580757855,2.9245712833371824,,2512.3282488138275,121.4381235984153,8.817887807854623,False
5,2010-09-03,65.44446465606855,3.5074167741681412,9525.167896845986,2227.2646486714393,179.22213993314404,8.205612190107995,False
5,2010-09-10,53.540077416232855,4.15964252943457,4112.040672118541,591.1120603622993,160.14976105648762,8.758771227778338,False
5,2010-09-17,33.947113066806324,4.401637319832863,,,216.9615938904338,8.408251421590155,False
5,2010-09-24,83.9694787890936,2.7316461644735885,5036.886093282389,2540.7085933259714,182.0241354268912,6.866452758397216,False
5,2010-10-01,77.59774835463736,3.757132801294566,4502.824838315258,3728.5883310239365,202.5940919111918,8.179368412864276,False
5,2010-10-08,81.52430661104007,3.623727579619037,9263.08276921196,4124.0347398991535,188.88105035899872,7.311618166362799,False
5,2010-10-15,51.94981396013211,4.435485649667431,5643.953803389896,2932.5589051872435,172.6082518417403,8.555865130901232,False
5,2010-10-22,34.48700063063245,3.4426165491482426,,,171.72934821522531,6.478644386362865,False
5,2010-10-29,50.92748654560108,2.644553895146353,8536.545489411119,1801.9702002705562,128.70712055773083,5.212896395351624,False
5,2010-11-05,35.52928125372746,3.587946222569935,,1986.3573642022986,144.5550625944491,8.87395708148237,False
5,2010-11-12,28.361576587908644,3.640818982807283,7146.956752357341,,164.3771339092245,5.694207514255938,False
5,2010-11-19,85.74603702619187,3.9577396089766825,,1006.3189406723621,209.0236621795771,4.689438060171462,True
5,2010-11-26,57.65061483043866,3.6662556469057384,545.119274378263,,169.91989468413317,5.299475113763445,False
5,2010-12-03,26.53319670960755,3.474768883344086,2617.5110013448243,4146.925750711873,139.03369750950475,9.503323550949176,False
5,2010-12-10,42.442400322579545,3.3617165507645415,,3981.503317075661,203.2937392318661,9.914609497514448,False
5,2010-12-17,65.10380530164225,3.1784405967835676,410.68172790405424,2229.777725460509,122.00232297321877,4.375041649062465,False
5,2010-12-24,63.756613926382634,3.428407897904253,4802.942587913558,1095.6303233540043,131.28431871836213,7.5786037277539595,False
5,2010-12-31,22.015074053370146,3.2609637709860717,,1978.8883983021537,181.31519111030178,8.83361331262143,False
5,2011-01-07,92.15765781237707,3.571269001175149,6806.72373225737,2554.85371522531,162.87642911146835,4.322691785064268,True
5,2011-01-14,46.84708958995735,3.1673217812673853,,,193.81682705368436,9.141786488657434,False
5,2011-01-21,56.92717276397194,3.901731398250857,4182.91111093486,,213.672455585349,7.094059306462439,False
5,2011-01-28,33.381207242262185,2.7163100291467135,6141.331761875181,,139.17362173902666,7.332983681017788,False
5,2011-02-04,35.524520093379365,4.202811495782948,,,188.03844137625222,5.6447221829152046,False
5,2011-02-11,75.49008699503027,4.078045689096268,,,148.64737377445837,7.108462991185366,False
5,2011-02-18,82.73981680706775,3.9086706319143607,7387.435096159303,,146.50812843385725,8.17715470180654,False
5,2011-02-25,26.953610810770243,3.564445749712388,1013.7984246986354,4057.8600217577405,168.22740000815435,4.343861860062921,False
5,2011-03-04,73.05697063714493,3.923555889981899,5826.861465545829,,132.14149055049722,8.326794144140942,False
5,2011-03-11,44.6289124712454,3.474424013843828,,,160.78896085072802,5.677817910959238,False
5,2011-03-18,74.6009193347148,4.12629531033597,,1927.767822006569,170.66857908540027,9.136006449358916,False
5,2011-03-25,80.38376384871333,2.7736903331727136,,1939.1713478554718,148.78796780696808,8.348177525570947,False
5,2011-04-01,84.68672164237258,3.1319942822504547,409.3394437434539,,182.35191951741544,4.378638214693277,False
5,2011-04-08,70.4566989685193,3.174533792108453,,,165.75753322504318,6.852315132132894,False
5,2011-04-15,76.26149220736345,3.41363560911227,1142.3713859139584,,202.79764635022516,6.267964231756919,False
5,2011-04-22,54.968996114587654,4.083871245927528,,,158.28831472841836,8.31445372306487,False
5,2011-04-29,90.78335835262769,3.0017806330682095,,,181.6712707646776,9.16479362149297,False
5,2011-05-06,69.03400633433462,3.200397362046438,8848.07947030651,,160.4241642107039,9.95959117857848,False
5,2011-05-13,62.34798934221515,3.5332551837085506,,4240.907491399736,188.51745132777805,5.7402641690679195,False
5,2011-05-20,39.890640274762184,2.839518402785653,,,131.32996043982678,5.031475346362626,False
5,2011-05-27,32.344945527468106,2.6277595348618057,,,171.5305187994377,4.614202507499256,False
5,2011-06-03,87.9675139576354,3.986870347912389,8606.678217888852,52.75561225094927,159.40901527745032,9.1057113964408,False
5,2011-06-10,22.641138014414263,3.9923592771045446,1605.9369504330855,959.7771949786288,191.9234419044147,5.629302731064914,False
5,2011-06-17,83.3728140230076,3.4526447044138084,4023.7305072246763,,182.54780604246614,4.929145444472928,False
5,2011-06-24,35.67777780394417,3.891589933881491,9955.109680158663,,145.25303896364446,6.6569762223059445,False
5,2011-07-01,35.45042589140299,4.404191303305847,,4193.0444376698115,200.85705341473903,5.907428042639701,True
5,2011-07-08,48.65996816194909,3.1036187393253876,,2015.1565564136831,183.45564677415248,7.727117933164499,False
5,2011-07-15,93.2724159594967,2.8738628588828936,,,201.306279721412,4.595377576567881,False
5,2011-07-22,67.1376627677153,2.930311243248111,9236.648375496527,162.25538395337858,143.55882282446774,5.861842694750185,False
5,2011-07-29,38.16928681885756,2.906975989110625,9185.216027705179,,153.8813021604848,6.43089132207044,False
5,2011-08-05,67.16546727411317,3.780761493288482,7408.692683852179,3267.9338502220994,147.3988781543018,7.558337139804146,False
5,2011-08-12,30.00083504872778,2.9850885531659417,,1151.9331969294471,148.92439028196682,6.216124780536594,False
5,2011-08-19,28.86787943541054,4.407890424987552,5772.160730089502,83.30235622107995,153.89447753484487,8.773961383968652,False
5,2011-08-26,41.17353756580402,3.670593656668623,,655.2931540214519,199.73943579077786,7.047692151438449,False
5,2011-09-02,43.30364962335856,3.5289792046240773,4668.780991231044,,173.61553862527362,8.3041765182182,False
5,2011-09-09,90.41577313567048,3.0898916480846843,,3445.605452478791,206.3641052417156,9.980855084086654,False
5,2011-09-16,28.33631598374839,2.560831761615936,8740.136713087157,,135.8448037189906,4.373230549154146,False
5,2011-09-23,43.35364549194382,3.303393785519553,8394.532342095508,3075.3231492890563,137.56720999559107,7.079139350258979,False
5,2011-09-30,92.99456622728688,2.9028126184267045,,,157.58524651819792,8.923267886475923,True
5,2011-10-07,54.25479446643802,3.1584612306827893,,,145.47487073367188,6.111309006082038,False
5,2011-10-14,59.116323793322536,2.7492948579856265,6359.107657097384,396.0657500418541,124.70583794600189,4.1166883022084875,False
5,2011-10-21,51.08062982888713,4.371652266805645,,,176.19352535196634,4.671607468808736,False
5,2011-10-28,62.63239657478775,4.08398606681142,2508.734717161105,4544.327031595018,198.51898844228413,6.924437818604845,False
5,2011-11-04,24.292752013760705,4.361997239425168,,4452.204740005429,146.27209435613028,6.833490993670951,False
5,2011-11-11,91.41079378072635,4.1472911895061815,5876.269866151087,1961.3352076177355,164.7551855106062,8.380010326485168,False
5,2011-11-18,24.792570653628037,2.648669217772143,,2361.1321287810215,191.28823693447364,6.35745601362936,False
5,2011-11-25,46.0394125671659,4.088364690634367,9376.397799579021,2850.9081587734695,181.01960089858346,9.654228636810487,False
5,2011-12-02,21.803092802482837,3.5682793922713945,7486.98478439155,,206.71773544513522,9.735058883050982,False
5,2011-12-09,86.19615931379343,2.6939575250321908,,,125.7741079467036,9.070073422934655,False
5,2011-12-16,40.374814352274164,2.7075126870717128,,,186.8003250743014,4.799960898055451,False
5,2011-12-23,81.28932880449807,2.527323370941219,289.4431674336706,,123.2389137775995,6.015060922235896,False
5,2011-12-30,79.74836517613535,3.175963100939672,1875.0445711898035,1179.9830295461877,134.3544755943768,5.112453102244325,False
5,2012-01-06,58.464715953274336,4.189595162376293,,3271.732298264288,207.25199518293624,5.464885363041443,False
5,2012-01-13,89.4370530832638,3.819986900270634,,,146.2485007900591,7.4872928649362995,False
5,2012-01-20,29.331641513892013,3.699194520088108,5139.5544669070805,4187.247975417309,152.29896831768684,9.334073140665756,False
5,2012-01-27,32.976790231337326,3.033544127247848,,,130.64117629028445,8.930514501912342,False
5,2012-02-03,76.04731681698927,2.5958277358266675,7111.6008752776615,,196.3856500200214,7.084491524597112,False
5,2012-02-10,59.18726066679414,3.782049715270709,4051.080545878567,,204.99464959451885,6.285342175747975,False
5,2012-02-17,20.582498161547655,3.484184020700196,2782.6766081876963,,188.71899964686767,8.888762005141952,False
5,2012-02-24,43.22516528009694,4.375651599970134,1190.2130449314109,,168.3549850790369,5.320540396283635,False
5,2012-03-02,85.82691341208862,2.6791320486326216,2711.4225338058804,3612.056922317723,120.7391901444293,7.054812477529595,False
5,2012-03-09,84.96702729340076,4.243171765724814,,,150.3282939404527,8.299637793760187,False
5,2012-03-16,40.08443558919753,3.3644621190090165,,62.982006358934804,184.4485061520594,5.097187160529234,False
5,2012-03-23,67.672399898003,4.4858869315658145,2258.39632223392,,206.62328702676703,6.665103687529026,False
5,2012-03-30,84.66585674914536,4.132184705828523,9097.436867126838,262.8719890550157,130.4415369498118,7.413899165824737,False
5,2012-04-06,54.34724108671516,3.2935786508291685,,10.382588000406034,146.07087741328522,7.1096783241322665,False
5,2012-04-13,33.061751929654726,3.5937623475748657,4446.276579139047,,164.92681584656367,5.778669326464919,False
5,2012-04-20,29.34600392587455,3.8049519110144643,,,175.39794872200807,5.787729587901193,False
5,2012-04-27,32.26653458976405,3.108247698936072,3018.0005586115512,3142.0347882049487,163.86490184359846,4.232541613325095,False
5,2012-05-04,77.35821815938169,3.0311151960248273,2518.0676605088147,426.341708058387,206.61837088690294,6.995118705599983,False
5,2012-05-11,39.88349378113616,3.3640211178607253,2203.273934375826,,178.5035168718662,6.931254798641543,False
5,2012-05-18,70.02015631679129,3.0342881397412986,4356.720661222904,,194.22987567339442,7.858626115707102,False
5,2012-05-25,66.61390430255364,2.9397239127379535,,667.671165803747,158.6696449987462,8.926854548322083,False
5,2012-06-01,54.044460231634694,3.5139992402866946,9323.481416337108,853.0056231082217,163.6757817847075,6.784002569178558,False
5,2012-06-08,65.21696619540765,3.8084409240580257,749.6004347001306,,160.7895937371547,6.086694418293323,True
5,2012-06-15,26.88332048533819,3.861906582807152,5142.270112659776,1275.467164161897,196.78763636337115,8.510767524203539,False
5,2012-06-22,35.949821488350715,2.694036436474179,,4125.1765957140005,205.83304317809248,6.781732446060699,False
5,2012-06-29,91.01601472557677,3.0503402249761358,,1691.1548365864244,211.38762903217963,9.886269173526795,False
5,2012-07-06,81.26677171281263,3.9990911284421706,3069.3107298123255,,154.30517325196507,8.001615911223439,False
5,2012-07-13,20.89384872336816,2.7793847452058773,9727.93701656444,2469.8957457009396,206.93523009923473,8.420958734509025,False
5,2012-07-20,62.95703997163151,2.774454293233742,3519.2977073177676,,187.16602309978987,6.003414829159324,False
5,2012-07-27,67.32870449526655,2.549968164563699,5140.233698765098,3159.400796234426,172.70501564925638,7.495202664644416,False
5,2012-08-03,76.48391353847556,3.9549047825722408,1894.4343316740276,,214.77960660144572,6.379543446317978,False
5,2012-08-10,59.408384477163466,2.7189819451089243,,2706.8131919806597,148.4058389040429,9.968649727443436,False
5,2012-08-17,53.05542808131977,3.020806217575817,7156.207169717857,4465.568706612363,188.94171338713247,5.702787658249295,False
5,2012-08-24,42.9360133462748,4.01847795931399,774.1155198475058,1716.5048459787047,152.85706327322941,7.613537814263544,False
5,2012-08-31,78.26703111536546,2.641582872022349,8091.948036567413,2486.145975099979,215.03070137361811,5.799630938788382,True
5,2012-09-07,52.39920285975806,2.5660238718006543,2099.180457480515,3872.8604158718244,141.77288996829336,7.7273591828810035,True
5,2012-09-14,56.26809392779006,2.5292942545449737,9760.860241995717,,140.81060345963726,8.522321059372779,False
5,2012-09-21,87.13074193713838,3.6478582722459647,,2467.033502066976,211.16329137084756,9.568085420376287,False
5,2012-09-28,20.17425545989477,4.467861880284804,554.4523570384141,2289.024662796033,145.89616050249754,9.272479142061579,False
5,2012-10-05,91.04749995650502,2.9112429753986824,2230.8633452897484,3419.8756495757066,139.02279308201375,7.125314696204075,False
5,2012-10-12,25.327806605250593,4.136615635350606,,2573.921174665672,171.32605045704423,4.643334365250925,False
5,2012-10-19,53.92750694049277,3.9672856807288968,5449.82278100018,,143.68494705965463,4.989604161116386,False
5,2012-10-26,47.44244739633557,2.958787004308764,,,121.76700447954339,4.616609455898691,False
