Store,Dept,Date,Weekly_Sales,IsHoliday
1,1,2010-02-05,50168.43757815921,True
1,1,2010-02-12,54473.49857895664,True
1,1,2010-02-19,33734.4136700345,False
1,1,2010-02-26,36689.79555824889,False
1,1,2010-03-05,43188.16006273083,False
1,1,2010-03-12,39283.028809198986,False
1,1,2010-03-19,39521.8139240293,False
1,1,2010-03-26,40059.82929977832,False
1,1,2010-04-02,40190.71896798352,False
1,1,2010-04-09,41909.45870848477,False
1,1,2010-04-16,41472.99304679261,False
1,1,2010-04-23,39192.44927735009,False
1,1,2010-04-30,38871.2972292609,False
1,1,2010-05-07,41073.667825471675,False
1,1,2010-05-14,34413.212452437925,False
1,1,2010-05-21,36155.69993068167,False
1,1,2010-05-28,35246.69922375444,False
1,1,2010-06-04,32015.36180534051,False
1,1,2010-06-11,31838.67911186597,False
1,1,2010-06-18,28675.397701090875,False
1,1,2010-06-25,30155.3576549962,False
1,1,2010-07-02,24562.93584291936,False
1,1,2010-07-09,27722.34611910318,False
1,1,2010-07-16,23833.3373709825,False
1,1,2010-07-23,21513.67827014027,False
1,1,2010-07-30,18900.576583008973,False
1,1,2010-08-06,21563.807756779202,False
1,1,2010-08-13,16904.110076009223,False
1,1,2010-08-20,14710.379227488862,False
1,1,2010-08-27,18133.50335638093,False
1,1,2010-09-03,13371.114605330149,False
1,1,2010-09-10,14315.767576088148,False
1,1,2010-09-17,15653.045118893768,False
1,1,2010-09-24,20894.38121413427,True
1,1,2010-10-01,23891.21495718604,True
1,1,2010-10-08,12049.076602472887,False
1,1,2010-10-15,13594.414894219759,False
1,1,2010-10-22,14238.375923841753,False
1,1,2010-10-29,16422.196137467447,False
1,1,2010-11-05,18607.822974040868,False
1,1,2010-11-12,25714.547538974133,True
1,1,2010-11-19,17932.50668335656,False
1,1,2010-11-26,16536.50842914454,False
1,1,2010-12-03,21134.733161910906,False
1,1,2010-12-10,21109.145969014775,False
1,1,2010-12-17,25216.820306359143,False
1,1,2010-12-24,24778.310415826993,False
1,1,2010-12-31,26758.07304518799,False
1,1,2011-01-07,25960.483484426055,False
1,1,2011-01-14,26875.846455169565,False
1,1,2011-01-21,35790.92639921578,False
1,1,2011-01-28,33828.09534466928,False
1,1,2011-02-04,35784.87709831319,False
1,1,2011-02-11,34446.274037413605,False
1,1,2011-02-18,39184.86917573564,False
1,1,2011-02-25,39838.401381300275,False
1,1,2011-03-04,37694.11768669116,False
1,1,2011-03-11,37854.95523178836,False
1,1,2011-03-18,59229.835743000964,True
1,1,2011-03-25,40703.15567139378,False
1,1,2011-04-01,41193.23773717264,False
1,1,2011-04-08,40836.508985285305,False
1,1,2011-04-15,43060.720957717414,False
1,1,2011-04-22,38544.05240328701,False
1,1,2011-04-29,37125.64809347894,False
1,1,2011-05-06,38448.3196331952,False
1,1,2011-05-13,34047.65232971653,False
1,1,2011-05-20,55797.7709426899,True
1,1,2011-05-27,35172.13267200423,False
1,1,2011-06-03,32892.65144371885,False
1,1,2011-06-10,31281.84657235029,False
1,1,2011-06-17,32318.742186937106,False
1,1,2011-06-24,30637.315384270256,False
1,1,2011-07-01,26746.605437101414,False
1,1,2011-07-08,26781.216441378816,False
1,1,2011-07-15,25706.68860884229,False
1,1,2011-07-22,23080.798440257116,False
1,1,2011-07-29,20499.040743060068,False
1,1,2011-08-05,20264.827579785473,False
1,1,2011-08-12,16129.661058218393,False
1,1,2011-08-19,17187.08748506568,False
1,1,2011-08-26,15564.324207112177,False
1,1,2011-09-02,14399.99498473253,False
1,1,2011-09-09,11051.690180650261,False
1,1,2011-09-16,11960.242064594382,False
1,1,2011-09-23,12747.187690797478,False
1,1,2011-09-30,15409.752938241574,False
1,1,2011-10-07,14290.624319856217,False
1,1,2011-10-14,15894.786063475045,False
1,1,2011-10-21,16990.55896917738,False
1,1,2011-10-28,15838.344522818448,False
1,1,2011-11-04,16311.163539725276,False
1,1,2011-11-11,15098.888353107406,False
1,1,2011-11-18,22181.17687322375,False
1,1,2011-11-25,16666.804021383887,False
1,1,2011-12-02,21147.438958734507,False
1,1,2011-12-09,24075.343996098447,False
1,1,2011-12-16,25673.42284022428,False
1,1,2011-12-23,23287.5006133844,False
1,1,2011-12-30,26399.54314819295,False
1,1,2012-01-06,27283.109969357865,False
1,1,2012-01-13,26537.8821635626,False
1,1,2012-01-20,48364.08196176276,True
1,1,2012-01-27,32133.496733058775,False
1,1,2012-02-03,37987.17071247467,False
1,1,2012-02-10,37501.212840156455,False
1,1,2012-02-17,37516.62586180663,False
1,1,2012-02-24,37502.72252474981,False
1,1,2012-03-02,39529.20421510813,False
1,1,2012-03-09,39462.21847164757,False
1,1,2012-03-16,40602.33895822323,False
1,1,2012-03-23,44562.992510471944,False
1,1,2012-03-30,38729.51142019683,False
1,1,2012-04-06,40422.43723151146,False
1,1,2012-04-13,41876.037541041456,False
1,1,2012-04-20,39173.68441990748,False
1,1,2012-04-27,42460.05575675352,False
1,1,2012-05-04,39805.039895515234,False
1,1,2012-05-11,35996.04113103918,False
1,1,2012-05-18,36679.001368329074,False
1,1,2012-05-25,33566.98867467637,False
1,1,2012-06-01,31975.410896830555,False
1,1,2012-06-08,31788.556359429404,False
1,1,2012-06-15,33026.272946498204,False
1,1,2012-06-22,30371.909593162625,False
1,1,2012-06-29,27194.19394093361,False
1,1,2012-07-06,27160.051183867843,False
1,1,2012-07-13,24517.18510599327,False
1,1,2012-07-20,20069.959937757114,False
1,1,2012-07-27,31074.68093509966,True
1,1,2012-08-03,29107.419055243477,True
1,1,2012-08-10,19731.215017929066,False
1,1,2012-08-17,15911.935345273634,False
1,1,2012-08-24,14205.24756704315,False
1,1,2012-08-31,15088.632318745853,False
1,1,2012-09-07,20466.24929857658,True
1,1,2012-09-14,13368.41912825197,False
1,1,2012-09-21,13557.21819326599,False
1,1,2012-09-28,19663.423537997183,True
1,1,2012-10-05,22504.831494277994,True
1,1,2012-10-12,16844.027779428085,False
1,1,2012-10-19,16230.553690293546,False
1,1,2012-10-26,11637.33190200973,False
1,2,2010-02-05,92107.28987543056,True
1,2,2010-02-12,97784.63662239662,True
1,2,2010-02-19,66595.25094710631,False
1,2,2010-02-26,68484.53385675875,False
1,2,2010-03-05,68062.98494265768,False
1,2,2010-03-12,71020.23712595,False
1,2,2010-03-19,71328.54884775219,False
1,2,2010-03-26,72915.2638669143,False
1,2,2010-04-02,69720.29183570408,False
1,2,2010-04-09,73351.71068354293,False
1,2,2010-04-16,74061.53987551639,False
1,2,2010-04-23,70749.64536542392,False
1,2,2010-04-30,71249.93770398494,False
1,2,2010-05-07,69061.84229539534,False
1,2,2010-05-14,65420.123970176755,False
1,2,2010-05-21,62448.38197792147,False
1,2,2010-05-28,60424.0478225815,False
1,2,2010-06-04,60341.17011857703,False
1,2,2010-06-11,56973.35858193075,False
1,2,2010-06-18,56840.7332052482,False
1,2,2010-06-25,52992.57902800599,False
1,2,2010-07-02,50066.086370892386,False
1,2,2010-07-09,46092.35560910183,False
1,2,2010-07-16,40762.08774914745,False
1,2,2010-07-23,40542.06255532442,False
1,2,2010-07-30,37349.35415906446,False
1,2,2010-08-06,32439.445232141265,False
1,2,2010-08-13,34831.49797555731,False
1,2,2010-08-20,32546.007308625027,False
1,2,2010-08-27,26247.58477473528,False
1,2,2010-09-03,25745.702081669217,False
1,2,2010-09-10,24719.84075472958,False
1,2,2010-09-17,26168.455371131044,False
1,2,2010-09-24,37620.989572814935,True
1,2,2010-10-01,36455.20172905106,True
1,2,2010-10-08,24968.740702069543,False
1,2,2010-10-15,22373.487890640747,False
1,2,2010-10-22,26582.46375632743,False
1,2,2010-10-29,26819.521140810117,False
1,2,2010-11-05,27177.796698452203,False
1,2,2010-11-12,42447.130290289446,True
1,2,2010-11-19,32465.521770812575,False
1,2,2010-11-26,35430.12780168837,False
1,2,2010-12-03,33816.68422559483,False
1,2,2010-12-10,39928.35610468728,False
1,2,2010-12-17,42930.96515148776,False
1,2,2010-12-24,44457.734919382056,False
1,2,2010-12-31,49248.19280942815,False
1,2,2011-01-07,51145.51397104356,False
1,2,2011-01-14,54856.889172157535,False
1,2,2011-01-21,58154.14271165126,False
1,2,2011-01-28,60824.99879256862,False
1,2,2011-02-04,64294.465786915825,False
1,2,2011-02-11,65242.08372840486,False
1,2,2011-02-18,65681.52276895521,False
1,2,2011-02-25,67145.56965619979,False
1,2,2011-03-04,67829.12341163607,False
1,2,2011-03-11,71459.65090189087,False
1,2,2011-03-18,110685.0442179207,True
1,2,2011-03-25,71839.10145603,False
1,2,2011-04-01,73631.99110237662,False
1,2,2011-04-08,71051.44665897397,False
1,2,2011-04-15,72417.89035606504,False
1,2,2011-04-22,73675.98587181394,False
1,2,2011-04-29,71328.2368640372,False
1,2,2011-05-06,65299.525679427876,False
1,2,2011-05-13,67776.99388257996,False
1,2,2011-05-20,98080.60158384066,True
1,2,2011-05-27,62607.798746477,False
1,2,2011-06-03,61090.42920567228,False
1,2,2011-06-10,55418.64476646608,False
1,2,2011-06-17,54417.073471092976,False
1,2,2011-06-24,53631.1866854744,False
1,2,2011-07-01,50528.41537157052,False
1,2,2011-07-08,46662.28395368933,False
1,2,2011-07-15,40920.49520078902,False
1,2,2011-07-22,37810.45642213588,False
1,2,2011-07-29,37450.73517789472,False
1,2,2011-08-05,35077.75648670444,False
1,2,2011-08-12,32210.855913885374,False
1,2,2011-08-19,28731.858602373417,False
1,2,2011-08-26,29409.805214350188,False
1,2,2011-09-02,27241.622589291357,False
1,2,2011-09-09,26399.38982671148,False
1,2,2011-09-16,26135.61980278003,False
1,2,2011-09-23,23873.72656591527,False
1,2,2011-09-30,23266.741447560024,False
1,2,2011-10-07,26636.15678788854,False
1,2,2011-10-14,23434.035310471478,False
1,2,2011-10-21,24881.392794686508,False
1,2,2011-10-28,29489.787522757208,False
1,2,2011-11-04,27441.834561550062,False
1,2,2011-11-11,30144.1932714856,False
1,2,2011-11-18,31587.659720213815,False
1,2,2011-11-25,31149.76504668516,False
1,2,2011-12-02,36975.03252499841,False
1,2,2011-12-09,37870.14043621733,False
1,2,2011-12-16,43195.646513077896,False
1,2,2011-12-23,47777.4710257596,False
1,2,2011-12-30,44060.16893829049,False
1,2,2012-01-06,50597.00483559764,False
1,2,2012-01-13,55195.19362741477,False
1,2,2012-01-20,81261.77543199217,True
1,2,2012-01-27,62427.91570111204,False
1,2,2012-02-03,63020.60887362979,False
1,2,2012-02-10,66731.8589946995,False
1,2,2012-02-17,65507.708524286,False
1,2,2012-02-24,67554.50820515379,False
1,2,2012-03-02,69633.86820777517,False
1,2,2012-03-09,75433.70971076813,False
1,2,2012-03-16,74664.4912467379,False
1,2,2012-03-23,72820.70206702179,False
1,2,2012-03-30,73241.57815025825,False
1,2,2012-04-06,73825.81429117416,False
1,2,2012-04-13,76811.39016772668,False
1,2,2012-04-20,71922.73120177916,False
1,2,2012-04-27,70047.65970961086,False
1,2,2012-05-04,67763.95295247622,False
1,2,2012-05-11,67105.43474554775,False
1,2,2012-05-18,63391.389714133285,False
1,2,2012-05-25,63253.009476176565,False
1,2,2012-06-01,56890.19172068452,False
1,2,2012-06-08,56564.647667088495,False
1,2,2012-06-15,55759.81287093948,False
1,2,2012-06-22,52149.086112272904,False
1,2,2012-06-29,47563.26716453448,False
1,2,2012-07-06,45102.14498484411,False
1,2,2012-07-13,44757.155021175204,False
1,2,2012-07-20,37470.58057132759,False
1,2,2012-07-27,53423.28444768936,True
1,2,2012-08-03,50215.04410952415,True
1,2,2012-08-10,32390.2437299066,False
1,2,2012-08-17,27627.952424254338,False
1,2,2012-08-24,30441.88624910136,False
1,2,2012-08-31,25172.706974190543,False
1,2,2012-09-07,39178.32290590205,True
1,2,2012-09-14,23790.606081693008,False
1,2,2012-09-21,24290.03197959184,False
1,2,2012-09-28,33159.69548416086,True
1,2,2012-10-05,38634.17170232686,True
1,2,2012-10-12,23025.75628678901,False
1,2,2012-10-19,23687.30775152312,False
1,2,2012-10-26,31779.309918706444,False
1,3,2010-02-05,80368.2610459071,True
1,3,2010-02-12,86471.89333953158,True
1,3,2010-02-19,58164.22987992769,False
1,3,2010-02-26,62845.141464711334,False
1,3,2010-03-05,60446.74961466091,False
1,3,2010-03-12,60993.565168208224,False
1,3,2010-03-19,63764.760643325644,False
1,3,2010-03-26,60461.41271358021,False
1,3,2010-04-02,63163.173138846345,False
1,3,2010-04-09,63282.5671428375,False
1,3,2010-04-16,63918.11778296565,False
1,3,2010-04-23,60717.04275293338,False
1,3,2010-04-30,59891.68189886926,False
1,3,2010-05-07,62629.72942285978,False
1,3,2010-05-14,58697.785740244784,False
1,3,2010-05-21,58629.580217769966,False
1,3,2010-05-28,53785.72274135729,False
1,3,2010-06-04,52552.3984815864,False
1,3,2010-06-11,50737.580861178416,False
1,3,2010-06-18,51340.351114326244,False
1,3,2010-06-25,44872.17195569018,False
1,3,2010-07-02,42399.48259013451,False
1,3,2010-07-09,42352.93849459089,False
1,3,2010-07-16,36859.17657910066,False
1,3,2010-07-23,35724.78713137608,False
1,3,2010-07-30,34824.65876156048,False
1,3,2010-08-06,29443.059467628453,False
1,3,2010-08-13,29244.659798153818,False
1,3,2010-08-20,30230.4335260245,False
1,3,2010-08-27,26990.77481135988,False
1,3,2010-09-03,24383.224051115016,False
1,3,2010-09-10,22305.811186011502,False
1,3,2010-09-17,20778.231051180584,False
1,3,2010-09-24,30306.316842172913,True
1,3,2010-10-01,35068.26320311281,True
1,3,2010-10-08,24152.73454983635,False
1,3,2010-10-15,20672.638658649106,False
1,3,2010-10-22,23429.827805833043,False
1,3,2010-10-29,24036.010908758,False
1,3,2010-11-05,27516.969636331705,False
1,3,2010-11-12,40874.60055520441,True
1,3,2010-11-19,28518.097383725795,False
1,3,2010-11-26,29511.37200643497,False
1,3,2010-12-03,33484.47603897406,False
1,3,2010-12-10,34459.16360610532,False
1,3,2010-12-17,38060.16934633051,False
1,3,2010-12-24,40004.69028020076,False
1,3,2010-12-31,41987.03661783499,False
1,3,2011-01-07,43361.9267687695,False
1,3,2011-01-14,48873.63180457432,False
1,3,2011-01-21,50393.65268987804,False
1,3,2011-01-28,56236.142117361,False
1,3,2011-02-04,52804.607867369,False
1,3,2011-02-11,58150.90223443003,False
1,3,2011-02-18,58559.415713362796,False
1,3,2011-02-25,64515.41883812009,False
1,3,2011-03-04,62748.6266775281,False
1,3,2011-03-11,63358.96410874395,False
1,3,2011-03-18,95055.55484218278,True
1,3,2011-03-25,62536.00618672296,False
1,3,2011-04-01,64720.81615164477,False
1,3,2011-04-08,61177.643077780675,False
1,3,2011-04-15,60804.60496425034,False
1,3,2011-04-22,64734.463819132776,False
1,3,2011-04-29,58126.43456531703,False
1,3,2011-05-06,59676.7549248853,False
1,3,2011-05-13,56626.455666898175,False
1,3,2011-05-20,84545.51739016674,True
1,3,2011-05-27,55238.38814880291,False
1,3,2011-06-03,54630.4109883565,False
1,3,2011-06-10,52743.77918658543,False
1,3,2011-06-17,46007.33486076207,False
1,3,2011-06-24,44375.48444277961,False
1,3,2011-07-01,50837.12062199918,False
1,3,2011-07-08,39656.60306724669,False
1,3,2011-07-15,35854.377864079026,False
1,3,2011-07-22,33723.927222547696,False
1,3,2011-07-29,32314.460516103754,False
1,3,2011-08-05,29809.268485449415,False
1,3,2011-08-12,28094.994658796768,False
1,3,2011-08-19,26696.478998281345,False
1,3,2011-08-26,25091.322989097243,False
1,3,2011-09-02,21902.384917203002,False
1,3,2011-09-09,23493.11585198903,False
1,3,2011-09-16,22228.961513491628,False
1,3,2011-09-23,22514.955800196203,False
1,3,2011-09-30,17937.102081337325,False
1,3,2011-10-07,21835.480946479307,False
1,3,2011-10-14,18015.67498192623,False
1,3,2011-10-21,22403.312020723602,False
1,3,2011-10-28,25129.23049725153,False
1,3,2011-11-04,27239.69701688829,False
1,3,2011-11-11,27408.252233928484,False
1,3,2011-11-18,29914.51637577247,False
1,3,2011-11-25,29996.73328686141,False
1,3,2011-12-02,31784.40480887248,False
1,3,2011-12-09,40541.045073078014,False
1,3,2011-12-16,39273.12007980125,False
1,3,2011-12-23,37810.664736186605,False
1,3,2011-12-30,39262.692534509304,False
1,3,2012-01-06,44377.26941790599,False
1,3,2012-01-13,50228.97831169705,False
1,3,2012-01-20,75560.2463187375,True
1,3,2012-01-27,48213.26076170557,False
1,3,2012-02-03,54514.7106977444,False
1,3,2012-02-10,56895.50274946694,False
1,3,2012-02-17,53893.37389048511,False
1,3,2012-02-24,60364.234345567354,False
1,3,2012-03-02,59623.94682822251,False
1,3,2012-03-09,59038.49412389715,False
1,3,2012-03-16,66686.18830175108,False
1,3,2012-03-23,61827.04389448434,False
1,3,2012-03-30,62763.46109545035,False
1,3,2012-04-06,62581.08252392084,False
1,3,2012-04-13,63481.65064326889,False
1,3,2012-04-20,66242.20815958553,False
1,3,2012-04-27,59258.3091029333,False
1,3,2012-05-04,59702.29501256979,False
1,3,2012-05-11,58966.432407468885,False
1,3,2012-05-18,55162.72235564503,False
1,3,2012-05-25,54223.524734967,False
1,3,2012-06-01,53850.30001992727,False
1,3,2012-06-08,48797.102033707,False
1,3,2012-06-15,47167.95628161936,False
1,3,2012-06-22,44444.700462194574,False
1,3,2012-06-29,42524.40701530659,False
1,3,2012-07-06,40642.9358683639,False
1,3,2012-07-13,38791.9209922846,False
1,3,2012-07-20,39030.63735195524,False
1,3,2012-07-27,43887.1576593752,True
1,3,2012-08-03,45557.332138128615,True
1,3,2012-08-10,25834.86276070212,False
1,3,2012-08-17,25968.592104432664,False
1,3,2012-08-24,26909.87337507173,False
1,3,2012-08-31,26208.942956030147,False
1,3,2012-09-07,36621.10986815197,True
1,3,2012-09-14,24457.45264343111,False
1,3,2012-09-21,21173.922315855496,False
1,3,2012-09-28,34846.07583259578,True
1,3,2012-10-05,35476.38827785621,True
1,3,2012-10-12,22264.46852281328,False
1,3,2012-10-19,25108.92701281189,False
1,3,2012-10-26,23895.831948778534,False
2,1,2010-02-05,26891.77886745706,True
2,1,2010-02-12,14629.214737583234,False
2,1,2010-02-19,12971.720303187545,False
2,1,2010-02-26,15935.418458726524,False
2,1,2010-03-05,18176.647384028904,False
2,1,2010-03-12,20464.43001062687,False
2,1,2010-03-19,16854.036833555198,False
2,1,2010-03-26,20721.419994566215,False
2,1,2010-04-02,16325.290526821695,False
2,1,2010-04-09,16862.050155233006,False
2,1,2010-04-16,21463.38844950081,False
2,1,2010-04-23,27606.112699401056,True
2,1,2010-04-30,17683.64042751787,False
2,1,2010-05-07,18111.062924660233,False
2,1,2010-05-14,14762.322457971059,False
2,1,2010-05-21,15979.852305265851,False
2,1,2010-05-28,16052.864873823304,False
2,1,2010-06-04,17864.534762371783,False
2,1,2010-06-11,11372.822057038471,False
2,1,2010-06-18,17519.20781407309,False
2,1,2010-06-25,13001.695435709642,False
2,1,2010-07-02,10276.658501022945,False
2,1,2010-07-09,9161.281653285423,False
2,1,2010-07-16,11548.6134486008,False
2,1,2010-07-23,7587.466702135609,False
2,1,2010-07-30,8473.52201771482,False
2,1,2010-08-06,8448.193318588132,False
2,1,2010-08-13,10641.344914310088,False
2,1,2010-08-20,9857.319957034728,False
2,1,2010-08-27,6069.054272831434,False
2,1,2010-09-03,6539.291339384932,False
2,1,2010-09-10,3464.1917579117317,False
2,1,2010-09-17,2352.2757287185846,False
2,1,2010-09-24,3836.342015216786,False
2,1,2010-10-01,8495.080222130104,False
2,1,2010-10-08,7854.608354844945,False
2,1,2010-10-15,7197.339280399253,False
2,1,2010-10-22,3739.7125850220673,False
2,1,2010-10-29,5541.338525044482,False
2,1,2010-11-05,5639.396996712105,False
2,1,2010-11-12,7488.416297265656,False
2,1,2010-11-19,7895.8863222362,False
2,1,2010-11-26,6944.085726952071,False
2,1,2010-12-03,10292.202723698105,False
2,1,2010-12-10,10739.778422681135,False
2,1,2010-12-17,9544.66861640649,False
2,1,2010-12-24,12353.107868819263,False
2,1,2010-12-31,14746.34173561801,False
2,1,2011-01-07,16107.11246660622,False
2,1,2011-01-14,14974.551496541264,False
2,1,2011-01-21,15636.192222459982,False
2,1,2011-01-28,14921.495061964291,False
2,1,2011-02-04,18106.96834864052,False
2,1,2011-02-11,14500.845659733921,False
2,1,2011-02-18,19002.82924622348,False
2,1,2011-02-25,17065.29347648297,False
2,1,2011-03-04,21012.757972490614,False
2,1,2011-03-11,19516.993253730856,False
2,1,2011-03-18,18429.342780561707,False
2,1,2011-03-25,18228.11978970336,False
2,1,2011-04-01,19797.88220733232,False
2,1,2011-04-08,19655.343782884014,False
2,1,2011-04-15,17768.38923370685,False
2,1,2011-04-22,18524.2519561874,False
2,1,2011-04-29,19823.66449278436,False
2,1,2011-05-06,14913.790429084078,False
2,1,2011-05-13,18626.885400514577,False
2,1,2011-05-20,17683.977719132203,False
2,1,2011-05-27,26444.608787478282,True
2,1,2011-06-03,13970.465487406444,False
2,1,2011-06-10,14725.088507827055,False
2,1,2011-06-17,14403.363935331337,False
2,1,2011-06-24,14728.583946760198,False
2,1,2011-07-01,13356.004857278964,False
2,1,2011-07-08,9265.440887929657,False
2,1,2011-07-15,11584.40288031568,False
2,1,2011-07-22,14290.343210813477,False
2,1,2011-07-29,10817.28425982365,False
2,1,2011-08-05,12224.093329416928,False
2,1,2011-08-12,10440.116190090059,False
2,1,2011-08-19,10545.216909383598,False
2,1,2011-08-26,7974.976375038762,False
2,1,2011-09-02,8008.34789905101,False
2,1,2011-09-09,7165.997071545973,False
2,1,2011-09-16,6439.14848530507,False
2,1,2011-09-23,7778.8368705402345,False
2,1,2011-09-30,5206.881621464081,False
2,1,2011-10-07,10065.211542431292,False
2,1,2011-10-14,4574.440819829477,False
2,1,2011-10-21,8277.737798097538,False
2,1,2011-10-28,9722.00051443395,False
2,1,2011-11-04,7001.795545148541,False
2,1,2011-11-11,5594.458416230453,False
2,1,2011-11-18,10665.052614065142,False
2,1,2011-11-25,9354.790060444238,False
2,1,2011-12-02,11220.401253104503,False
2,1,2011-12-09,10062.976464598021,False
2,1,2011-12-16,14466.164179237177,False
2,1,2011-12-23,7510.534981141503,False
2,1,2011-12-30,13250.126101524438,False
2,1,2012-01-06,15934.489879862922,False
2,1,2012-01-13,14203.905272980337,False
2,1,2012-01-20,15318.373721675092,False
2,1,2012-01-27,14533.749264878896,False
2,1,2012-02-03,24112.690852088537,True
2,1,2012-02-10,13297.835336140886,False
2,1,2012-02-17,15738.266294167766,False
2,1,2012-02-24,16066.992690640118,False
2,1,2012-03-02,19369.132300145753,False
2,1,2012-03-09,17197.84092107524,False
2,1,2012-03-16,17480.124142828266,False
2,1,2012-03-23,17945.248366941625,False
2,1,2012-03-30,17249.367093404813,False
2,1,2012-04-06,19239.1396260353,False
2,1,2012-04-13,19320.338181573723,False
2,1,2012-04-20,19990.61759909423,False
2,1,2012-04-27,19336.38448266304,False
2,1,2012-05-04,18746.01843481398,False
2,1,2012-05-11,16517.192291412262,False
2,1,2012-05-18,15855.341061737738,False
2,1,2012-05-25,14305.120552873288,False
2,1,2012-06-01,13623.285512224717,False
2,1,2012-06-08,15102.179154999794,False
2,1,2012-06-15,12554.395101761384,False
2,1,2012-06-22,16187.639179071646,False
2,1,2012-06-29,12422.769352807976,False
2,1,2012-07-06,14747.331299873285,False
2,1,2012-07-13,12145.848923734722,False
2,1,2012-07-20,8727.412793329237,False
2,1,2012-07-27,14266.561284687892,True
2,1,2012-08-03,5601.094758108296,False
2,1,2012-08-10,8734.844145631005,False
2,1,2012-08-17,6448.876222816147,False
2,1,2012-08-24,5128.12303663883,False
2,1,2012-08-31,10008.95119692287,False
2,1,2012-09-07,8716.137040231799,False
2,1,2012-09-14,8436.544712730949,False
2,1,2012-09-21,7858.6694637039145,False
2,1,2012-09-28,3779.1074112269166,False
2,1,2012-10-05,5493.487924788351,False
2,1,2012-10-12,5751.4594722662505,False
2,1,2012-10-19,3235.4874100653587,False
2,1,2012-10-26,5850.6554901387935,False
2,2,2010-02-05,65785.83638399953,True
2,2,2010-02-12,44439.053548868935,False
2,2,2010-02-19,45660.73649021061,False
2,2,2010-02-26,48506.27975724125,False
2,2,2010-03-05,47423.010292535735,False
2,2,2010-03-12,51648.33897216434,False
2,2,2010-03-19,52148.26727062106,False
2,2,2010-03-26,51813.55534031788,False
2,2,2010-04-02,51196.21756265192,False
2,2,2010-04-09,52430.34236232387,False
2,2,2010-04-16,52321.73010877834,False
2,2,2010-04-23,76097.94663677656,True
2,2,2010-04-30,46655.24974551226,False
2,2,2010-05-07,46635.30047656641,False
2,2,2010-05-14,46404.068506789125,False
2,2,2010-05-21,42530.315841338816,False
2,2,2010-05-28,44306.46602430295,False
2,2,2010-06-04,44915.560506170994,False
2,2,2010-06-11,42716.285729371404,False
2,2,2010-06-18,39723.20079897389,False
2,2,2010-06-25,37670.81632385616,False
2,2,2010-07-02,38587.40880841585,False
2,2,2010-07-09,33785.97070122188,False
2,2,2010-07-16,31920.95835559076,False
2,2,2010-07-23,25222.90110845367,False
2,2,2010-07-30,28885.722990166993,False
2,2,2010-08-06,25252.170435949436,False
2,2,2010-08-13,22672.169165074636,False
2,2,2010-08-20,20718.16889506837,False
2,2,2010-08-27,19004.371915335287,False
2,2,2010-09-03,21548.191457827263,False
2,2,2010-09-10,18131.510192267982,False
2,2,2010-09-17,16551.319278615327,False
2,2,2010-09-24,15659.83609308406,False
2,2,2010-10-01,17419.60646217026,False
2,2,2010-10-08,16483.710294108725,False
2,2,2010-10-15,16399.165291356512,False
2,2,2010-10-22,15423.916112231786,False
2,2,2010-10-29,20953.352420114454,False
2,2,2010-11-05,19825.51623777423,False
2,2,2010-11-12,19202.967829156805,False
2,2,2010-11-19,22289.265573274213,False
2,2,2010-11-26,25553.439847269543,False
2,2,2010-12-03,26277.767144661077,False
2,2,2010-12-10,28482.71799266719,False
2,2,2010-12-17,30154.783497994675,False
2,2,2010-12-24,29544.531483982973,False
2,2,2010-12-31,36053.83483301617,False
2,2,2011-01-07,32798.900135349184,False
2,2,2011-01-14,39167.02166018703,False
2,2,2011-01-21,41444.0468388431,False
2,2,2011-01-28,41653.86268396538,False
2,2,2011-02-04,44565.304805251,False
2,2,2011-02-11,44927.62669855777,False
2,2,2011-02-18,47671.180755955575,False
2,2,2011-02-25,50197.917791342225,False
2,2,2011-03-04,47694.74493910206,False
2,2,2011-03-11,51473.33716010007,False
2,2,2011-03-18,54123.7551013986,False
2,2,2011-03-25,51639.83631550263,False
2,2,2011-04-01,50229.01817089082,False
2,2,2011-04-08,55637.17146860498,False
2,2,2011-04-15,50916.37157471189,False
2,2,2011-04-22,50588.467249801215,False
2,2,2011-04-29,49783.74621093994,False
2,2,2011-05-06,49107.799359502984,False
2,2,2011-05-13,46262.44045887538,False
2,2,2011-05-20,45861.87935844655,False
2,2,2011-05-27,67692.05712333338,True
2,2,2011-06-03,41346.748049054244,False
2,2,2011-06-10,39372.917041598834,False
2,2,2011-06-17,37659.77956002684,False
2,2,2011-06-24,34019.84682014468,False
2,2,2011-07-01,32791.13882278596,False
2,2,2011-07-08,30651.083189584962,False
2,2,2011-07-15,30068.641934678006,False
2,2,2011-07-22,29773.02180853751,False
2,2,2011-07-29,29127.5135952134,False
2,2,2011-08-05,24569.55296972204,False
2,2,2011-08-12,23744.677358797406,False
2,2,2011-08-19,21860.23275502024,False
2,2,2011-08-26,15914.684878260457,False
2,2,2011-09-02,16738.855877384925,False
2,2,2011-09-09,19710.75663311221,False
2,2,2011-09-16,19291.64674019498,False
2,2,2011-09-23,18874.145752784232,False
2,2,2011-09-30,16722.78490431777,False
2,2,2011-10-07,13213.260781342342,False
2,2,2011-10-14,15517.626424997477,False
2,2,2011-10-21,16437.212359488403,False
2,2,2011-10-28,20292.174859286883,False
2,2,2011-11-04,19386.82059584057,False
2,2,2011-11-11,24754.246159465685,False
2,2,2011-11-18,25767.014531661494,False
2,2,2011-11-25,27802.572627780035,False
2,2,2011-12-02,24387.05941416801,False
2,2,2011-12-09,29082.51292140911,False
2,2,2011-12-16,29114.638804138318,False
2,2,2011-12-23,32753.986673331718,False
2,2,2011-12-30,32545.590261001184,False
2,2,2012-01-06,38667.70519121596,False
2,2,2012-01-13,36670.08541055637,False
2,2,2012-01-20,36318.42694651002,False
2,2,2012-01-27,46161.111723010064,False
2,2,2012-02-03,66672.6829955957,True
2,2,2012-02-10,43343.64410820195,False
2,2,2012-02-17,46615.64811963507,False
2,2,2012-02-24,47058.35851487065,False
2,2,2012-03-02,49290.48068548161,False
2,2,2012-03-09,51730.96911402511,False
2,2,2012-03-16,52030.51728242964,False
2,2,2012-03-23,51618.16383145094,False
2,2,2012-03-30,51245.73284635266,False
2,2,2012-04-06,53268.047305489934,False
2,2,2012-04-13,46888.04265994859,False
2,2,2012-04-20,48627.54205567459,False
2,2,2012-04-27,47321.6721253604,False
2,2,2012-05-04,50224.588250310204,False
2,2,2012-05-11,45462.00511841641,False
2,2,2012-05-18,42909.98685245731,False
2,2,2012-05-25,44957.11484987375,False
2,2,2012-06-01,40276.0549297043,False
2,2,2012-06-08,39511.452030835506,False
2,2,2012-06-15,43006.23631272753,False
2,2,2012-06-22,37789.66956411999,False
2,2,2012-06-29,33734.73653165974,False
2,2,2012-07-06,31855.986784976787,False
2,2,2012-07-13,31884.662154457008,False
2,2,2012-07-20,29426.47135733524,False
2,2,2012-07-27,39481.32708108356,True
2,2,2012-08-03,24662.29561981716,False
2,2,2012-08-10,19872.04089506405,False
2,2,2012-08-17,17993.424043066974,False
2,2,2012-08-24,19747.918237126767,False
2,2,2012-08-31,17768.06733041318,False
2,2,2012-09-07,19360.38611946346,False
2,2,2012-09-14,17969.035883967073,False
2,2,2012-09-21,15657.38091555553,False
2,2,2012-09-28,17404.805792237265,False
2,2,2012-10-05,16366.464131434444,False
2,2,2012-10-12,21707.87915238388,False
2,2,2012-10-19,18960.712648708643,False
2,2,2012-10-26,15913.4237270396,False
2,3,2010-02-05,38377.48394314935,True
2,3,2010-02-12,24499.318658166423,False
2,3,2010-02-19,20942.614008143977,False
2,3,2010-02-26,27820.0987769284,False
2,3,2010-03-05,27304.145069925515,False
2,3,2010-03-12,25732.319903447627,False
2,3,2010-03-19,26423.928693033296,False
2,3,2010-03-26,29494.616540326857,False
2,3,2010-04-02,25461.754913139768,False
2,3,2010-04-09,29575.253462003937,False
2,3,2010-04-16,26286.51990686229,False
2,3,2010-04-23,41211.94752058687,True
2,3,2010-04-30,26193.253936460966,False
2,3,2010-05-07,29922.767794012216,False
2,3,2010-05-14,23010.030734194857,False
2,3,2010-05-21,22868.259445149306,False
2,3,2010-05-28,20145.384873095798,False
2,3,2010-06-04,20032.234338688824,False
2,3,2010-06-11,22659.00845167182,False
2,3,2010-06-18,23393.453920886444,False
2,3,2010-06-25,20774.993716269375,False
2,3,2010-07-02,18024.304206155397,False
2,3,2010-07-09,15160.91343235734,False
2,3,2010-07-16,17673.885111316245,False
2,3,2010-07-23,12940.218364563805,False
2,3,2010-07-30,11146.522269859286,False
2,3,2010-08-06,12295.599916324993,False
2,3,2010-08-13,7987.468487138101,False
2,3,2010-08-20,8522.589147703864,False
2,3,2010-08-27,14385.77498227406,False
2,3,2010-09-03,6916.832036998472,False
2,3,2010-09-10,7227.240705771286,False
2,3,2010-09-17,9423.242846596728,False
2,3,2010-09-24,9331.099408598933,False
2,3,2010-10-01,8548.295008046858,False
2,3,2010-10-08,5076.544150756673,False
2,3,2010-10-15,10976.555686458978,False
2,3,2010-10-22,8717.430668346913,False
2,3,2010-10-29,12491.347930265072,False
2,3,2010-11-05,9324.15906745072,False
2,3,2010-11-12,13250.347575089514,False
2,3,2010-11-19,14647.516619073956,False
2,3,2010-11-26,11978.65403123716,False
2,3,2010-12-03,15605.326126682097,False
2,3,2010-12-10,12180.332818702682,False
2,3,2010-12-17,16404.42674220093,False
2,3,2010-12-24,19392.59785237912,False
2,3,2010-12-31,19072.072897537382,False
2,3,2011-01-07,23934.4798212553,False
2,3,2011-01-14,21341.842627738635,False
2,3,2011-01-21,20502.209731067782,False
2,3,2011-01-28,27907.521458750456,False
2,3,2011-02-04,26425.03786316856,False
2,3,2011-02-11,20809.00956670638,False
2,3,2011-02-18,23216.488304553273,False
2,3,2011-02-25,23380.063886627195,False
2,3,2011-03-04,27310.9847343211,False
2,3,2011-03-11,27608.953016988933,False
2,3,2011-03-18,27917.501244825864,False
2,3,2011-03-25,23727.06384368146,False
2,3,2011-04-01,25776.447715203598,False
2,3,2011-04-08,26688.312253232074,False
2,3,2011-04-15,23146.75628139342,False
2,3,2011-04-22,24722.981410239576,False
2,3,2011-04-29,28732.592945634457,False
2,3,2011-05-06,22348.228104770667,False
2,3,2011-05-13,27695.33650184687,False
2,3,2011-05-20,26197.122875374178,False
2,3,2011-05-27,34154.97930310123,True
2,3,2011-06-03,20928.0026740121,False
2,3,2011-06-10,22896.407480573387,False
2,3,2011-06-17,18617.64632136506,False
2,3,2011-06-24,17646.03607565657,False
2,3,2011-07-01,17987.350397599672,False
2,3,2011-07-08,12687.675244095612,False
2,3,2011-07-15,12977.096571258531,False
2,3,2011-07-22,14206.099676932514,False
2,3,2011-07-29,14795.817802896005,False
2,3,2011-08-05,11309.390706587445,False
2,3,2011-08-12,11660.128764871728,False
2,3,2011-08-19,8058.440080533096,False
2,3,2011-08-26,12478.76201504906,False
2,3,2011-09-02,10490.61354503724,False
2,3,2011-09-09,10220.629273141343,False
2,3,2011-09-16,10256.078267153189,False
2,3,2011-09-23,9239.546655528475,False
2,3,2011-09-30,8049.998085656567,False
2,3,2011-10-07,11342.60074597952,False
2,3,2011-10-14,9593.339326704945,False
2,3,2011-10-21,9272.098610516057,False
2,3,2011-10-28,10033.139578074262,False
2,3,2011-11-04,10553.864177530933,False
2,3,2011-11-11,10933.827688957736,False
2,3,2011-11-18,12947.562445930902,False
2,3,2011-11-25,11040.818138500064,False
2,3,2011-12-02,12118.843666990188,False
2,3,2011-12-09,15955.949553792747,False
2,3,2011-12-16,15586.569086606349,False
2,3,2011-12-23,18890.928639955633,False
2,3,2011-12-30,18852.845206872862,False
2,3,2012-01-06,18016.776155396357,False
2,3,2012-01-13,21343.31936941367,False
2,3,2012-01-20,23627.134152200655,False
2,3,2012-01-27,23119.70778498997,False
2,3,2012-02-03,36067.62362884378,True
2,3,2012-02-10,23671.282989096366,False
2,3,2012-02-17,26770.89528017091,False
2,3,2012-02-24,24294.999270850552,False
2,3,2012-03-02,26696.811576784025,False
2,3,2012-03-09,31605.649248227222,False
2,3,2012-03-16,27868.359492086187,False
2,3,2012-03-23,26145.460301495623,False
2,3,2012-03-30,26206.0463250309,False
2,3,2012-04-06,26844.19936809867,False
2,3,2012-04-13,28493.088943493687,False
2,3,2012-04-20,26758.19196169012,False
2,3,2012-04-27,24722.669898826196,False
2,3,2012-05-04,24155.786115132465,False
2,3,2012-05-11,25088.914176455866,False
2,3,2012-05-18,24099.614663780754,False
2,3,2012-05-25,24067.588166711503,False
2,3,2012-06-01,24060.728464317257,False
2,3,2012-06-08,26687.471641101787,False
2,3,2012-06-15,17269.059609621123,False
2,3,2012-06-22,20495.756230121704,False
2,3,2012-06-29,18231.70262238571,False
2,3,2012-07-06,13258.989973448271,False
2,3,2012-07-13,18376.1092153654,False
2,3,2012-07-20,15679.768628099375,False
2,3,2012-07-27,22366.25119334652,True
2,3,2012-08-03,9513.700692549437,False
2,3,2012-08-10,11614.515865918676,False
2,3,2012-08-17,9126.965007019768,False
2,3,2012-08-24,14939.996195869644,False
2,3,2012-08-31,12339.54957740404,False
2,3,2012-09-07,8241.601901291984,False
2,3,2012-09-14,6206.299229284194,False
2,3,2012-09-21,9471.401781306413,False
2,3,2012-09-28,11202.387607393286,False
2,3,2012-10-05,5613.184437667045,False
2,3,2012-10-12,7416.027689197059,False
2,3,2012-10-19,7392.3680498349895,False
2,3,2012-10-26,11784.341217736444,False
3,1,2010-02-05,29635.934840916554,False
3,1,2010-02-12,29198.746614535772,False
3,1,2010-02-19,28890.396068229045,False
3,1,2010-02-26,24120.16951920048,False
3,1,2010-03-05,30279.96587076746,False
3,1,2010-03-12,30672.20535162384,False
3,1,2010-03-19,27430.143877127866,False
3,1,2010-03-26,30723.530415021127,False
3,1,2010-04-02,32382.686178464188,False
3,1,2010-04-09,31344.84198526101,False
3,1,2010-04-16,28626.071354097745,False
3,1,2010-04-23,29650.33422097285,False
3,1,2010-04-30,30584.295943058685,False
3,1,2010-05-07,28611.94003910492,False
3,1,2010-05-14,30249.931165208476,False
3,1,2010-05-21,41110.64227020803,True
3,1,2010-05-28,27425.92304963685,False
3,1,2010-06-04,26519.828345838287,False
3,1,2010-06-11,21632.212056927616,False
3,1,2010-06-18,22701.908462592433,False
3,1,2010-06-25,20738.363396952343,False
3,1,2010-07-02,22274.159446912025,False
3,1,2010-07-09,19896.328664013527,False
3,1,2010-07-16,17394.573598505493,False
3,1,2010-07-23,14043.65464417108,False
3,1,2010-07-30,12302.09119849991,False
3,1,2010-08-06,15073.542435424462,False
3,1,2010-08-13,18805.69786089889,True
3,1,2010-08-20,13963.82646379553,False
3,1,2010-08-27,8593.618413773675,False
3,1,2010-09-03,14435.255230357241,False
3,1,2010-09-10,12076.858159654195,False
3,1,2010-09-17,15778.157315601773,True
3,1,2010-09-24,13532.942639327748,False
3,1,2010-10-01,11990.06959709121,False
3,1,2010-10-08,9216.818289288196,False
3,1,2010-10-15,10541.677376654205,False
3,1,2010-10-22,6820.581380161352,False
3,1,2010-10-29,13377.733455037154,False
3,1,2010-11-05,11287.995587942676,False
3,1,2010-11-12,8677.123837123101,False
3,1,2010-11-19,11129.738338092551,False
3,1,2010-11-26,23421.109890200652,True
3,1,2010-12-03,18723.513292813295,False
3,1,2010-12-10,16648.20848889258,False
3,1,2010-12-17,15806.895838730881,False
3,1,2010-12-24,16128.363191247267,False
3,1,2010-12-31,33108.93042222903,True
3,1,2011-01-07,22302.007900884728,False
3,1,2011-01-14,21941.657150589584,False
3,1,2011-01-21,22629.03389138826,False
3,1,2011-01-28,26220.686327322015,False
3,1,2011-02-04,27208.714707203908,False
3,1,2011-02-11,25086.35061077332,False
3,1,2011-02-18,25456.6164051928,False
3,1,2011-02-25,26309.230579242627,False
3,1,2011-03-04,28187.132919707576,False
3,1,2011-03-11,28244.23402763939,False
3,1,2011-03-18,33222.59419383733,False
3,1,2011-03-25,29198.548903554583,False
3,1,2011-04-01,27780.36829004735,False
3,1,2011-04-08,27819.115266274406,False
3,1,2011-04-15,29618.466955415006,False
3,1,2011-04-22,25979.55668884722,False
3,1,2011-04-29,43565.13169325964,True
3,1,2011-05-06,25820.616969706494,False
3,1,2011-05-13,30058.582120478088,False
3,1,2011-05-20,40552.403855011704,True
3,1,2011-05-27,30162.124922126073,False
3,1,2011-06-03,24420.625892850345,False
3,1,2011-06-10,17502.089795598833,False
3,1,2011-06-17,25517.298792591486,False
3,1,2011-06-24,22406.918660944408,False
3,1,2011-07-01,21500.283215219217,False
3,1,2011-07-08,16964.69539111738,False
3,1,2011-07-15,17685.302411525896,False
3,1,2011-07-22,16980.279201327725,False
3,1,2011-07-29,15020.266627528794,False
3,1,2011-08-05,10984.131545027609,False
3,1,2011-08-12,19030.79957342865,False
3,1,2011-08-19,20619.01876705805,True
3,1,2011-08-26,12721.067037966919,False
3,1,2011-09-02,13877.124075967418,False
3,1,2011-09-09,12037.514401868528,False
3,1,2011-09-16,9032.118996938145,False
3,1,2011-09-23,12666.390282157665,False
3,1,2011-09-30,11797.665741804967,False
3,1,2011-10-07,8888.253131894167,False
3,1,2011-10-14,11966.554093667635,False
3,1,2011-10-21,10267.98991543868,False
3,1,2011-10-28,11666.309233536678,False
3,1,2011-11-04,13079.199877752573,False
3,1,2011-11-11,15368.568930210986,False
3,1,2011-11-18,12201.423506656425,False
3,1,2011-11-25,15182.781556839082,False
3,1,2011-12-02,19527.36031520338,False
3,1,2011-12-09,16255.2624590025,False
3,1,2011-12-16,18164.112078115835,False
3,1,2011-12-23,22998.323519561447,False
3,1,2011-12-30,21461.422401196087,False
3,1,2012-01-06,18455.11178566804,False
3,1,2012-01-13,21010.981087570348,False
3,1,2012-01-20,25144.735892270226,False
3,1,2012-01-27,25723.03686763571,False
3,1,2012-02-03,26245.237452538826,False
3,1,2012-02-10,31201.96780401814,False
3,1,2012-02-17,26506.387074677892,False
3,1,2012-02-24,28344.208323805542,False
3,1,2012-03-02,25197.361661779818,False
3,1,2012-03-09,31945.124712406847,False
3,1,2012-03-16,28388.70555537304,False
3,1,2012-03-23,47423.43875971205,True
3,1,2012-03-30,32183.761448821413,False
3,1,2012-04-06,34904.30866564902,False
3,1,2012-04-13,31284.961310560622,False
3,1,2012-04-20,28911.631686164685,False
3,1,2012-04-27,44592.619040978614,True
3,1,2012-05-04,26974.530275012447,False
3,1,2012-05-11,28379.681742012504,False
3,1,2012-05-18,26477.714426600465,False
3,1,2012-05-25,25779.400819717444,False
3,1,2012-06-01,23080.294075999638,False
3,1,2012-06-08,24366.469583064896,False
3,1,2012-06-15,24250.396443251215,False
3,1,2012-06-22,18098.87875464682,False
3,1,2012-06-29,18809.282150767594,False
3,1,2012-07-06,19305.956908966018,False
3,1,2012-07-13,13076.365240289844,False
3,1,2012-07-20,20087.886318482244,False
3,1,2012-07-27,14073.68623363488,False
3,1,2012-08-03,12576.6821580177,False
3,1,2012-08-10,13078.730924396961,False
3,1,2012-08-17,12906.319205197513,False
3,1,2012-08-24,10366.953148021452,False
3,1,2012-08-31,13210.180165917314,False
3,1,2012-09-07,11548.543058673291,False
3,1,2012-09-14,8712.040969886835,False
3,1,2012-09-21,14205.426915938684,True
3,1,2012-09-28,7059.694335868298,False
3,1,2012-10-05,7660.1429754526125,False
3,1,2012-10-12,11161.72141352227,False
3,1,2012-10-19,9095.400867651186,False
3,1,2012-10-26,14857.921740037636,False
3,2,2010-02-05,31096.842778134407,False
3,2,2010-02-12,31466.28845750579,False
3,2,2010-02-19,29097.290457385243,False
3,2,2010-02-26,33016.29416127004,False
3,2,2010-03-05,37134.168472364254,False
3,2,2010-03-12,36067.50357906724,False
3,2,2010-03-19,36620.107435400205,False
3,2,2010-03-26,38730.58929112999,False
3,2,2010-04-02,34088.79463231263,False
3,2,2010-04-09,33970.08041325673,False
3,2,2010-04-16,31283.747819479446,False
3,2,2010-04-23,37132.32868289434,False
3,2,2010-04-30,35905.74295328808,False
3,2,2010-05-07,35475.67920631295,False
3,2,2010-05-14,30764.03798416237,False
3,2,2010-05-21,44942.71342949669,True
3,2,2010-05-28,28315.759760649456,False
3,2,2010-06-04,27864.19084462981,False
3,2,2010-06-11,31489.90695640166,False
3,2,2010-06-18,28992.56677002704,False
3,2,2010-06-25,24644.131262441184,False
3,2,2010-07-02,24706.148793309352,False
3,2,2010-07-09,21297.99257760148,False
3,2,2010-07-16,21951.53581268006,False
3,2,2010-07-23,17557.10899951883,False
3,2,2010-07-30,20006.45711617943,False
3,2,2010-08-06,15560.886640893865,False
3,2,2010-08-13,25783.55313611809,True
3,2,2010-08-20,14230.383364914162,False
3,2,2010-08-27,12607.39153925151,False
3,2,2010-09-03,16660.508562049217,False
3,2,2010-09-10,13191.017442957536,False
3,2,2010-09-17,17961.764121162607,True
3,2,2010-09-24,13658.064956840073,False
3,2,2010-10-01,9373.840264244924,False
3,2,2010-10-08,14355.435518658262,False
3,2,2010-10-15,12125.19516268958,False
3,2,2010-10-22,14038.700504506876,False
3,2,2010-10-29,10338.768205503722,False
3,2,2010-11-05,13422.691530182059,False
3,2,2010-11-12,15094.389459993814,False
3,2,2010-11-19,18175.080479924898,False
3,2,2010-11-26,27251.26198196894,True
3,2,2010-12-03,17721.000148996733,False
3,2,2010-12-10,20469.195989649586,False
3,2,2010-12-17,23736.114494570702,False
3,2,2010-12-24,22254.740103051827,False
3,2,2010-12-31,35543.73728931347,True
3,2,2011-01-07,21781.163258176,False
3,2,2011-01-14,26434.168651776417,False
3,2,2011-01-21,24902.735061206906,False
3,2,2011-01-28,29480.666031280794,False
3,2,2011-02-04,32931.26666400162,False
3,2,2011-02-11,27861.528610797297,False
3,2,2011-02-18,35598.47808151751,False
3,2,2011-02-25,33367.299913818315,False
3,2,2011-03-04,34726.44475177566,False
3,2,2011-03-11,34373.324980131685,False
3,2,2011-03-18,32384.731272974976,False
3,2,2011-03-25,34507.602924848754,False
3,2,2011-04-01,40356.28734708305,False
3,2,2011-04-08,33881.490280934326,False
3,2,2011-04-15,32634.120314621192,False
3,2,2011-04-22,35660.746595222976,False
3,2,2011-04-29,51999.60869869867,True
3,2,2011-05-06,33381.08658553942,False
3,2,2011-05-13,33158.95631898045,False
3,2,2011-05-20,49439.616562728705,True
3,2,2011-05-27,29780.669177945496,False
3,2,2011-06-03,30098.155805912455,False
3,2,2011-06-10,30429.738462835958,False
3,2,2011-06-17,25001.735988952445,False
3,2,2011-06-24,20916.209855804565,False
3,2,2011-07-01,25449.261790981214,False
3,2,2011-07-08,27660.642221102902,False
3,2,2011-07-15,21208.266983819114,False
3,2,2011-07-22,20237.16487713474,False
3,2,2011-07-29,17914.337358043587,False
3,2,2011-08-05,20436.41491908317,False
3,2,2011-08-12,15958.968186798118,False
3,2,2011-08-19,22254.715451924403,True
3,2,2011-08-26,16009.271074986465,False
3,2,2011-09-02,12465.969203156259,False
3,2,2011-09-09,10267.737671018298,False
3,2,2011-09-16,14168.685334597869,False
3,2,2011-09-23,10958.613924793253,False
3,2,2011-09-30,10102.902348042668,False
3,2,2011-10-07,16341.804657283918,False
3,2,2011-10-14,12046.890969061056,False
3,2,2011-10-21,13825.577237764668,False
3,2,2011-10-28,13493.571609565448,False
3,2,2011-11-04,12414.904465707392,False
3,2,2011-11-11,16464.09642134669,False
3,2,2011-11-18,16743.64002026129,False
3,2,2011-11-25,15941.533572782782,False
3,2,2011-12-02,19372.334899944242,False
3,2,2011-12-09,18804.68028674282,False
3,2,2011-12-16,19013.985570899677,False
3,2,2011-12-23,20243.3825611927,False
3,2,2011-12-30,24647.762048715347,False
3,2,2012-01-06,24795.110683824936,False
3,2,2012-01-13,29995.72136054996,False
3,2,2012-01-20,28296.072911900035,False
3,2,2012-01-27,28138.928802440045,False
3,2,2012-02-03,31270.631654803947,False
3,2,2012-02-10,29512.272917741713,False
3,2,2012-02-17,32961.79795122653,False
3,2,2012-02-24,34666.07972008726,False
3,2,2012-03-02,35172.11910129948,False
3,2,2012-03-09,37983.76440144829,False
3,2,2012-03-16,41006.23928976119,False
3,2,2012-03-23,55453.16665284442,True
3,2,2012-03-30,38519.05986575512,False
3,2,2012-04-06,41160.506592755715,False
3,2,2012-04-13,33798.75334243934,False
3,2,2012-04-20,35639.41935795879,False
3,2,2012-04-27,51215.16866486999,True
3,2,2012-05-04,35713.06158765286,False
3,2,2012-05-11,33673.29827122917,False
3,2,2012-05-18,30463.94292108306,False
3,2,2012-05-25,30976.892010210213,False
3,2,2012-06-01,31803.18086865899,False
3,2,2012-06-08,25774.539876525818,False
3,2,2012-06-15,25397.624211184077,False
3,2,2012-06-22,23666.022373598207,False
3,2,2012-06-29,24760.437917763204,False
3,2,2012-07-06,25135.749229126875,False
3,2,2012-07-13,17203.507360504722,False
3,2,2012-07-20,20022.097601959995,False
3,2,2012-07-27,16657.5127896812,False
3,2,2012-08-03,19271.09878572262,False
3,2,2012-08-10,15640.545501545343,False
3,2,2012-08-17,15346.57705945764,False
3,2,2012-08-24,14184.869456043938,False
3,2,2012-08-31,15682.952733929593,False
3,2,2012-09-07,16934.38813476557,False
3,2,2012-09-14,10134.753915743599,False
3,2,2012-09-21,16307.450274217013,True
3,2,2012-09-28,12696.818208504108,False
3,2,2012-10-05,10508.903643533708,False
3,2,2012-10-12,14271.252116307029,False
3,2,2012-10-19,15025.359991338677,False
3,2,2012-10-26,12341.36250305698,False
3,3,2010-02-05,29960.629356168123,False
3,3,2010-02-12,36414.829478196254,False
3,3,2010-02-19,30052.1472177223,False
3,3,2010-02-26,32323.073255687417,False
3,3,2010-03-05,34683.52693369469,False
3,3,2010-03-12,31627.23149073062,False
3,3,2010-03-19,30889.045555688637,False
3,3,2010-03-26,32344.18933465024,False
3,3,2010-04-02,35799.25153737223,False
3,3,2010-04-09,35761.58454870323,False
3,3,2010-04-16,36697.0168036647,False
3,3,2010-04-23,35201.31633355406,False
3,3,2010-04-30,35593.29533109703,False
3,3,2010-05-07,33336.17909021976,False
3,3,2010-05-14,34763.04761323591,False
3,3,2010-05-21,49635.38835917276,True
3,3,2010-05-28,30491.61604038071,False
3,3,2010-06-04,30957.717167978077,False
3,3,2010-06-11,28174.908790257017,False
3,3,2010-06-18,24113.343044362366,False
3,3,2010-06-25,27526.459209240973,False
3,3,2010-07-02,22441.987878799304,False
3,3,2010-07-09,24581.421927800136,False
3,3,2010-07-16,22001.29861307781,False
3,3,2010-07-23,19785.994663803736,False
3,3,2010-07-30,14865.558854456876,False
3,3,2010-08-06,20445.729778725472,False
3,3,2010-08-13,23593.86384045461,True
3,3,2010-08-20,16446.951020010954,False
3,3,2010-08-27,14046.679778154212,False
3,3,2010-09-03,12974.10687079222,False
3,3,2010-09-10,13301.536323679566,False
3,3,2010-09-17,18773.47772107374,True
3,3,2010-09-24,11682.2497951693,False
3,3,2010-10-01,12017.180868773778,False
3,3,2010-10-08,13070.364688064295,False
3,3,2010-10-15,13475.860456309954,False
3,3,2010-10-22,13002.635072373441,False
3,3,2010-10-29,14758.851521545865,False
3,3,2010-11-05,13426.488416009592,False
3,3,2010-11-12,19627.5966076927,False
3,3,2010-11-19,19184.57159145741,False
3,3,2010-11-26,27574.243985508092,True
3,3,2010-12-03,14736.384657684948,False
3,3,2010-12-10,21167.077559547943,False
3,3,2010-12-17,20679.970903119647,False
3,3,2010-12-24,20836.412554697887,False
3,3,2010-12-31,35659.237857384614,True
3,3,2011-01-07,23981.796458616893,False
3,3,2011-01-14,28171.601062667585,False
3,3,2011-01-21,31788.188787280807,False
3,3,2011-01-28,31543.751882046847,False
3,3,2011-02-04,36670.05176167492,False
3,3,2011-02-11,29190.620709399664,False
3,3,2011-02-18,32321.346689354326,False
3,3,2011-02-25,32350.561534411932,False
3,3,2011-03-04,37452.99903079505,False
3,3,2011-03-11,35154.21858314967,False
3,3,2011-03-18,36410.050234153474,False
3,3,2011-03-25,37562.37563241758,False
3,3,2011-04-01,33473.85225692076,False
3,3,2011-04-08,35052.30664206146,False
3,3,2011-04-15,38025.5497485948,False
3,3,2011-04-22,34499.14349609091,False
3,3,2011-04-29,49064.107664975614,True
3,3,2011-05-06,32432.086143728066,False
3,3,2011-05-13,32760.879991082013,False
3,3,2011-05-20,48780.289392604565,True
3,3,2011-05-27,31003.37466019471,False
3,3,2011-06-03,28663.258614747345,False
3,3,2011-06-10,30434.827539851292,False
3,3,2011-06-17,26899.873002024757,False
3,3,2011-06-24,26136.26865047158,False
3,3,2011-07-01,23133.7080172193,False
3,3,2011-07-08,25811.65454599703,False
3,3,2011-07-15,20569.98285843004,False
3,3,2011-07-22,20104.425015024502,False
3,3,2011-07-29,20689.54452961281,False
3,3,2011-08-05,17926.323186016503,False
3,3,2011-08-12,16723.573768316823,False
3,3,2011-08-19,18819.424749756457,True
3,3,2011-08-26,15635.898028283544,False
3,3,2011-09-02,13628.151422343977,False
3,3,2011-09-09,13999.050853230687,False
3,3,2011-09-16,12846.648199531037,False
3,3,2011-09-23,11097.92026127513,False
3,3,2011-09-30,13916.424319097272,False
3,3,2011-10-07,12612.488598080707,False
3,3,2011-10-14,9901.449120707544,False
3,3,2011-10-21,15532.954959577908,False
3,3,2011-10-28,10656.018413142043,False
3,3,2011-11-04,16076.48649339685,False
3,3,2011-11-11,18151.687389560204,False
3,3,2011-11-18,14000.803503515324,False
3,3,2011-11-25,17120.715090420803,False
3,3,2011-12-02,18187.649153090697,False
3,3,2011-12-09,19613.0969714762,False
3,3,2011-12-16,25013.721779309883,False
3,3,2011-12-23,20604.336271682354,False
3,3,2011-12-30,23642.485882238172,False
3,3,2012-01-06,28724.110924119235,False
3,3,2012-01-13,26512.09721847028,False
3,3,2012-01-20,26684.64123042136,False
3,3,2012-01-27,30417.72366217278,False
3,3,2012-02-03,32756.282363509777,False
3,3,2012-02-10,31512.16362825388,False
3,3,2012-02-17,34442.152879907626,False
3,3,2012-02-24,31483.38173094743,False
3,3,2012-03-02,32352.208235238148,False
3,3,2012-03-09,34715.14673660149,False
3,3,2012-03-16,37211.052681182424,False
3,3,2012-03-23,55965.502814677355,True
3,3,2012-03-30,34019.39786307812,False
3,3,2012-04-06,37743.84597793662,False
3,3,2012-04-13,36364.03192206853,False
3,3,2012-04-20,33836.909908204114,False
3,3,2012-04-27,49823.016899067006,True
3,3,2012-05-04,34696.258228905215,False
3,3,2012-05-11,35912.54254662344,False
3,3,2012-05-18,32368.89043010639,False
3,3,2012-05-25,29275.159581283275,False
3,3,2012-06-01,26155.649724474442,False
3,3,2012-06-08,31615.182355931574,False
3,3,2012-06-15,29241.6960957881,False
3,3,2012-06-22,26321.619624018935,False
3,3,2012-06-29,27211.607906527082,False
3,3,2012-07-06,23241.612217023794,False
3,3,2012-07-13,20291.171167608398,False
3,3,2012-07-20,21065.3037719384,False
3,3,2012-07-27,16960.094292823465,False
3,3,2012-08-03,15374.943028190222,False
3,3,2012-08-10,17756.608594656394,False
3,3,2012-08-17,16889.341380827955,False
3,3,2012-08-24,11727.151463920954,False
3,3,2012-08-31,11043.382177033283,False
3,3,2012-09-07,12025.821259619563,False
3,3,2012-09-14,11057.61243643404,False
3,3,2012-09-21,19277.33058961205,True
3,3,2012-09-28,12223.909661529262,False
3,3,2012-10-05,14546.047890794085,False
3,3,2012-10-12,13114.737553261331,False
3,3,2012-10-19,11626.766987542227,False
3,3,2012-10-26,9734.719818144096,False
4,1,2010-02-05,34901.4054313804,False
4,1,2010-02-12,33723.189769955425,False
4,1,2010-02-19,35184.33945540747,False
4,1,2010-02-26,37117.50203893543,False
4,1,2010-03-05,36718.64868486566,False
4,1,2010-03-12,41122.5241076898,False
4,1,2010-03-19,37729.441845438036,False
4,1,2010-03-26,40294.32736412517,False
4,1,2010-04-02,44352.747180475635,False
4,1,2010-04-09,41361.427971053956,False
4,1,2010-04-16,40863.02139488171,False
4,1,2010-04-23,43192.912497542246,False
4,1,2010-04-30,41302.95527159389,False
4,1,2010-05-07,39101.60512570644,False
4,1,2010-05-14,36348.180602382985,False
4,1,2010-05-21,35775.719491087795,False
4,1,2010-05-28,34399.88572749363,False
4,1,2010-06-04,32349.616795849583,False
4,1,2010-06-11,32095.363251838786,False
4,1,2010-06-18,30822.05477380579,False
4,1,2010-06-25,26033.631559300862,False
4,1,2010-07-02,30165.660208878788,False
4,1,2010-07-09,38739.98791258318,True
4,1,2010-07-16,23157.02511429668,False
4,1,2010-07-23,22574.21214729437,False
4,1,2010-07-30,22511.420309231802,False
4,1,2010-08-06,16327.28412991056,False
4,1,2010-08-13,17771.931724280515,False
4,1,2010-08-20,14461.804565911805,False
4,1,2010-08-27,21145.8016688584,False
4,1,2010-09-03,15267.866370325677,False
4,1,2010-09-10,11969.379026657454,False
4,1,2010-09-17,21040.576607846175,False
4,1,2010-09-24,12476.821832820897,False
4,1,2010-10-01,19758.02157056323,True
4,1,2010-10-08,13275.26251041095,False
4,1,2010-10-15,12145.736933313317,False
4,1,2010-10-22,14819.57435684875,False
4,1,2010-10-29,10570.013942068386,False
4,1,2010-11-05,18003.590792661733,False
4,1,2010-11-12,14577.906374162028,False
4,1,2010-11-19,17151.41013262037,False
4,1,2010-11-26,20763.696302454668,False
4,1,2010-12-03,20241.760490302364,False
4,1,2010-12-10,21804.7646956402,False
4,1,2010-12-17,21658.436152738366,False
4,1,2010-12-24,29471.558359231967,False
4,1,2010-12-31,27964.53997336738,False
4,1,2011-01-07,26357.31859707898,False
4,1,2011-01-14,45537.203961681415,True
4,1,2011-01-21,29364.354238770313,False
4,1,2011-01-28,36597.29647897268,False
4,1,2011-02-04,34941.76938424314,False
4,1,2011-02-11,33870.00418485325,False
4,1,2011-02-18,38364.815773519746,False
4,1,2011-02-25,37415.20504690459,False
4,1,2011-03-04,36235.19883207498,False
4,1,2011-03-11,40240.37276385234,False
4,1,2011-03-18,40667.19103973278,False
4,1,2011-03-25,42529.758692661504,False
4,1,2011-04-01,40481.36992726688,False
4,1,2011-04-08,40468.41200144381,False
4,1,2011-04-15,40281.77344454736,False
4,1,2011-04-22,42668.84608506598,False
4,1,2011-04-29,38191.509096571805,False
4,1,2011-05-06,38910.26632861269,False
4,1,2011-05-13,38203.12520630315,False
4,1,2011-05-20,36520.6502791289,False
4,1,2011-05-27,33846.6842507069,False
4,1,2011-06-03,33393.675905608805,False
4,1,2011-06-10,31483.974705207234,False
4,1,2011-06-17,49099.25978978932,True
4,1,2011-06-24,27607.360922754702,False
4,1,2011-07-01,25076.418156449734,False
4,1,2011-07-08,25267.85854142493,False
4,1,2011-07-15,23529.194643340572,False
4,1,2011-07-22,22525.547230172713,False
4,1,2011-07-29,19735.789322511937,False
4,1,2011-08-05,19481.403914948096,False
4,1,2011-08-12,18241.26725518343,False
4,1,2011-08-19,18645.49549435648,False
4,1,2011-08-26,16017.806794325463,False
4,1,2011-09-02,15196.444336051625,False
4,1,2011-09-09,15357.563081273502,False
4,1,2011-09-16,15576.953172814423,False
4,1,2011-09-23,18355.936910319357,True
4,1,2011-09-30,10946.146484743454,False
4,1,2011-10-07,23714.247744340137,True
4,1,2011-10-14,15249.793922307705,False
4,1,2011-10-21,13886.097049197659,False
4,1,2011-10-28,15030.898148054699,False
4,1,2011-11-04,15046.670640247496,False
4,1,2011-11-11,17256.077564519575,False
4,1,2011-11-18,16038.37879843162,False
4,1,2011-11-25,20940.99092526219,False
4,1,2011-12-02,21001.5893241716,False
4,1,2011-12-09,22555.114381902153,False
4,1,2011-12-16,21894.706272840864,False
4,1,2011-12-23,26328.796117836337,False
4,1,2011-12-30,25159.63192266212,False
4,1,2012-01-06,27138.58677379974,False
4,1,2012-01-13,45356.08291644922,True
4,1,2012-01-20,36685.95402730424,False
4,1,2012-01-27,33495.40015770341,False
4,1,2012-02-03,29404.891703490906,False
4,1,2012-02-10,34536.09447394588,False
4,1,2012-02-17,38337.092526713066,False
4,1,2012-02-24,35714.43450103298,False
4,1,2012-03-02,40473.861025411265,False
4,1,2012-03-09,39795.92124558198,False
4,1,2012-03-16,41944.16175663855,False
4,1,2012-03-23,39136.58320902471,False
4,1,2012-03-30,39078.79498356586,False
4,1,2012-04-06,61511.40745785909,True
4,1,2012-04-13,59927.20430724117,True
4,1,2012-04-20,39342.23447247937,False
4,1,2012-04-27,41949.59588101807,False
4,1,2012-05-04,39179.6382451248,False
4,1,2012-05-11,32989.788368880465,False
4,1,2012-05-18,37419.233485700155,False
4,1,2012-05-25,35940.43106365629,False
4,1,2012-06-01,52098.52441093756,True
4,1,2012-06-08,29791.893388925917,False
4,1,2012-06-15,30770.171030130725,False
4,1,2012-06-22,28746.148536103676,False
4,1,2012-06-29,24986.311513994682,False
4,1,2012-07-06,27173.795060104243,False
4,1,2012-07-13,23199.49903957915,False
4,1,2012-07-20,24437.324972340124,False
4,1,2012-07-27,19164.964956779648,False
4,1,2012-08-03,16339.486013483553,False
4,1,2012-08-10,17496.920813178716,False
4,1,2012-08-17,17297.342480761366,False
4,1,2012-08-24,14763.402172469336,False
4,1,2012-08-31,8862.580537271991,False
4,1,2012-09-07,15092.168611694007,False
4,1,2012-09-14,14599.60442749544,False
4,1,2012-09-21,21697.623042654446,True
4,1,2012-09-28,12689.802733375542,False
4,1,2012-10-05,12678.75552561786,False
4,1,2012-10-12,16722.28659205437,False
4,1,2012-10-19,11174.060950213032,False
4,1,2012-10-26,14497.258687453157,False
4,2,2010-02-05,59470.22404371029,False
4,2,2010-02-12,63937.16999148047,False
4,2,2010-02-19,65558.80219922854,False
4,2,2010-02-26,72844.17383808696,False
4,2,2010-03-05,68978.42103418297,False
4,2,2010-03-12,72273.89525008247,False
4,2,2010-03-19,72476.23600164101,False
4,2,2010-03-26,69022.07311364972,False
4,2,2010-04-02,68411.34232708796,False
4,2,2010-04-09,71829.22553066429,False
4,2,2010-04-16,73331.01889824124,False
4,2,2010-04-23,70535.84535808014,False
4,2,2010-04-30,68936.38563888718,False
4,2,2010-05-07,66721.40170905023,False
4,2,2010-05-14,62866.48671151754,False
4,2,2010-05-21,61558.02907979821,False
4,2,2010-05-28,57968.611389346916,False
4,2,2010-06-04,56543.86169172796,False
4,2,2010-06-11,55073.12263466186,False
4,2,2010-06-18,54929.09919340771,False
4,2,2010-06-25,49655.677568206316,False
4,2,2010-07-02,48183.91157310566,False
4,2,2010-07-09,67469.7202936758,True
4,2,2010-07-16,42966.350524604684,False
4,2,2010-07-23,37150.5510314574,False
4,2,2010-07-30,38713.75254430513,False
4,2,2010-08-06,31317.727267078968,False
4,2,2010-08-13,30970.62308426302,False
4,2,2010-08-20,29789.099983748973,False
4,2,2010-08-27,29576.034685363244,False
4,2,2010-09-03,29325.256644261157,False
4,2,2010-09-10,26921.367325315452,False
4,2,2010-09-17,27360.803144976857,False
4,2,2010-09-24,22351.771825066156,False
4,2,2010-10-01,38135.2359616471,True
4,2,2010-10-08,26047.437143907366,False
4,2,2010-10-15,19736.420316013813,False
4,2,2010-10-22,24944.375797270113,False
4,2,2010-10-29,27770.712819923196,False
4,2,2010-11-05,27024.917258172853,False
4,2,2010-11-12,27659.260454709656,False
4,2,2010-11-19,36094.59992491997,False
4,2,2010-11-26,34354.16153892796,False
4,2,2010-12-03,36872.17598236615,False
4,2,2010-12-10,36602.19266474178,False
4,2,2010-12-17,40743.530862046246,False
4,2,2010-12-24,43003.82665547114,False
4,2,2010-12-31,49830.61046228484,False
4,2,2011-01-07,51555.07933164961,False
4,2,2011-01-14,78924.47333994755,True
4,2,2011-01-21,57246.13958685298,False
4,2,2011-01-28,58242.914598472285,False
4,2,2011-02-04,61682.22020298339,False
4,2,2011-02-11,63938.59828934765,False
4,2,2011-02-18,66354.94362566953,False
4,2,2011-02-25,67888.87886174221,False
4,2,2011-03-04,69620.78133318265,False
4,2,2011-03-11,72471.63233992495,False
4,2,2011-03-18,72097.47508009437,False
4,2,2011-03-25,70661.39279447978,False
4,2,2011-04-01,71313.08451103901,False
4,2,2011-04-08,73795.53749592583,False
4,2,2011-04-15,71041.19448384376,False
4,2,2011-04-22,69211.97888423961,False
4,2,2011-04-29,67516.40534659276,False
4,2,2011-05-06,67835.65123128123,False
4,2,2011-05-13,63804.6955996192,False
4,2,2011-05-20,66048.66136264485,False
4,2,2011-05-27,59137.60205951215,False
4,2,2011-06-03,61706.0903409933,False
4,2,2011-06-10,55554.678477775655,False
4,2,2011-06-17,77912.1260183053,True
4,2,2011-06-24,50924.16356692826,False
4,2,2011-07-01,45766.58168557764,False
4,2,2011-07-08,44868.25143627548,False
4,2,2011-07-15,40813.16579044008,False
4,2,2011-07-22,41110.3274302301,False
4,2,2011-07-29,36868.8643339333,False
4,2,2011-08-05,31755.079572837083,False
4,2,2011-08-12,30672.176408184227,False
4,2,2011-08-19,31240.805298488387,False
4,2,2011-08-26,30629.929196644698,False
4,2,2011-09-02,26476.088358224282,False
4,2,2011-09-09,23296.511161320865,False
4,2,2011-09-16,26637.043051766916,False
4,2,2011-09-23,37416.3128759079,True
4,2,2011-09-30,26449.409169608214,False
4,2,2011-10-07,36595.60376296376,True
4,2,2011-10-14,23487.776598471355,False
4,2,2011-10-21,26419.081255849822,False
4,2,2011-10-28,27219.296420042796,False
4,2,2011-11-04,26905.99760537166,False
4,2,2011-11-11,30228.18796699694,False
4,2,2011-11-18,31476.197711392124,False
4,2,2011-11-25,35619.1569269535,False
4,2,2011-12-02,37579.378934688895,False
4,2,2011-12-09,37116.99810792953,False
4,2,2011-12-16,39663.40769491674,False
4,2,2011-12-23,44619.88556706783,False
4,2,2011-12-30,47738.29857276487,False
4,2,2012-01-06,52067.76563798116,False
4,2,2012-01-13,81092.20854668439,True
4,2,2012-01-20,59042.51039594603,False
4,2,2012-01-27,57815.567961403576,False
4,2,2012-02-03,60164.6666281719,False
4,2,2012-02-10,61559.44250368615,False
4,2,2012-02-17,67013.2234342605,False
4,2,2012-02-24,67333.07938298064,False
4,2,2012-03-02,65071.47499692954,False
4,2,2012-03-09,70364.34647436958,False
4,2,2012-03-16,71348.28990958146,False
4,2,2012-03-23,71046.50243443601,False
4,2,2012-03-30,72102.29970892619,False
4,2,2012-04-06,104562.3230814461,True
4,2,2012-04-13,109506.58802912105,True
4,2,2012-04-20,70720.53457110564,False
4,2,2012-04-27,65231.28426469558,False
4,2,2012-05-04,67277.7808162885,False
4,2,2012-05-11,66327.84960401458,False
4,2,2012-05-18,61253.206365130136,False
4,2,2012-05-25,62280.49932505319,False
4,2,2012-06-01,91486.78358094902,True
4,2,2012-06-08,54836.4009884215,False
4,2,2012-06-15,54233.944542113626,False
4,2,2012-06-22,50963.009287781904,False
4,2,2012-06-29,49609.24000163099,False
4,2,2012-07-06,44581.824104966676,False
4,2,2012-07-13,39834.819600915005,False
4,2,2012-07-20,41028.54538844133,False
4,2,2012-07-27,34580.84393261775,False
4,2,2012-08-03,37749.80399277204,False
4,2,2012-08-10,32987.78818706657,False
4,2,2012-08-17,28633.125326071397,False
4,2,2012-08-24,30273.04821407626,False
4,2,2012-08-31,26548.25990509788,False
4,2,2012-09-07,24942.493163070627,False
4,2,2012-09-14,23167.23167786961,False
4,2,2012-09-21,32258.82752705747,True
4,2,2012-09-28,25045.11514173677,False
4,2,2012-10-05,20753.870160445553,False
4,2,2012-10-12,22942.38176636238,False
4,2,2012-10-19,26250.993392759217,False
4,2,2012-10-26,25565.2851701686,False
4,3,2010-02-05,34078.3088642148,False
4,3,2010-02-12,36506.14012912123,False
4,3,2010-02-19,36369.99139631264,False
4,3,2010-02-26,36895.25550189111,False
4,3,2010-03-05,36686.4536486095,False
4,3,2010-03-12,37930.8707206116,False
4,3,2010-03-19,42719.01168605008,False
4,3,2010-03-26,38344.90736644801,False
4,3,2010-04-02,40401.75058234139,False
4,3,2010-04-09,39121.78297411773,False
4,3,2010-04-16,39962.540690546055,False
4,3,2010-04-23,40262.50508275116,False
4,3,2010-04-30,37228.99618219712,False
4,3,2010-05-07,38535.13820644492,False
4,3,2010-05-14,41649.724150335125,False
4,3,2010-05-21,36148.87284134656,False
4,3,2010-05-28,36991.168051832494,False
4,3,2010-06-04,33367.39872493103,False
4,3,2010-06-11,29093.587296986756,False
4,3,2010-06-18,29993.116695636898,False
4,3,2010-06-25,27219.29712401974,False
4,3,2010-07-02,25103.409770130464,False
4,3,2010-07-09,36920.60599883288,True
4,3,2010-07-16,22839.353470942802,False
4,3,2010-07-23,19513.221976563746,False
4,3,2010-07-30,25602.198774253025,False
4,3,2010-08-06,20442.31903584272,False
4,3,2010-08-13,18065.56996825231,False
4,3,2010-08-20,16633.897355709734,False
4,3,2010-08-27,17879.68821522035,False
4,3,2010-09-03,18804.769885310943,False
4,3,2010-09-10,15372.1997361917,False
4,3,2010-09-17,13772.07767770189,False
4,3,2010-09-24,16188.794865593361,False
4,3,2010-10-01,20006.186859445934,True
4,3,2010-10-08,14114.13634088833,False
4,3,2010-10-15,15531.714108196922,False
4,3,2010-10-22,13229.070716418028,False
4,3,2010-10-29,10501.960365880153,False
4,3,2010-11-05,14604.830525316513,False
4,3,2010-11-12,18000.13899196656,False
4,3,2010-11-19,18981.891272004428,False
4,3,2010-11-26,21511.917425723528,False
4,3,2010-12-03,19391.613537074416,False
4,3,2010-12-10,24794.922274042987,False
4,3,2010-12-17,23518.98928930422,False
4,3,2010-12-24,25919.34393821898,False
4,3,2010-12-31,28102.516681354235,False
4,3,2011-01-07,25116.73346265221,False
4,3,2011-01-14,42152.79866644255,True
4,3,2011-01-21,28881.32950724727,False
4,3,2011-01-28,34549.741094415425,False
4,3,2011-02-04,33153.091899154446,False
4,3,2011-02-11,39068.956799612584,False
4,3,2011-02-18,36143.19714610796,False
4,3,2011-02-25,34172.84365739166,False
4,3,2011-03-04,36592.118147428904,False
4,3,2011-03-11,38823.306063803335,False
4,3,2011-03-18,40091.269789784936,False
4,3,2011-03-25,37377.400151728354,False
4,3,2011-04-01,40579.89829076096,False
4,3,2011-04-08,41018.16112198502,False
4,3,2011-04-15,37778.99486228732,False
4,3,2011-04-22,42526.86776148298,False
4,3,2011-04-29,36871.63512213816,False
4,3,2011-05-06,35115.835205123585,False
4,3,2011-05-13,33078.00016687036,False
4,3,2011-05-20,37455.07425034747,False
4,3,2011-05-27,33809.77087732471,False
4,3,2011-06-03,31446.734745789025,False
4,3,2011-06-10,28009.233670518115,False
4,3,2011-06-17,43384.09120456247,True
4,3,2011-06-24,32642.955491791825,False
4,3,2011-07-01,22006.316157243375,False
4,3,2011-07-08,23447.200811026534,False
4,3,2011-07-15,26734.421568484726,False
4,3,2011-07-22,24131.017882288514,False
4,3,2011-07-29,19044.024268250876,False
4,3,2011-08-05,19233.76740076894,False
4,3,2011-08-12,18502.6642859569,False
4,3,2011-08-19,16721.814296822322,False
4,3,2011-08-26,19043.89139519491,False
4,3,2011-09-02,15333.137571607864,False
4,3,2011-09-09,16273.061574092626,False
4,3,2011-09-16,13892.889806324478,False
4,3,2011-09-23,15800.482457004258,True
4,3,2011-09-30,10762.82007566984,False
4,3,2011-10-07,17895.50438384514,True
4,3,2011-10-14,13031.120553581235,False
4,3,2011-10-21,18158.85747019533,False
4,3,2011-10-28,15378.45208644285,False
4,3,2011-11-04,15263.41477184702,False
4,3,2011-11-11,18931.253125519084,False
4,3,2011-11-18,14673.022125564576,False
4,3,2011-11-25,17847.186866601845,False
4,3,2011-12-02,18910.618296933357,False
4,3,2011-12-09,22429.154907085736,False
4,3,2011-12-16,24940.52621310823,False
4,3,2011-12-23,25653.48871714608,False
4,3,2011-12-30,27269.924131203446,False
4,3,2012-01-06,27157.84647800371,False
4,3,2012-01-13,44804.11276792868,True
4,3,2012-01-20,29277.83479982098,False
4,3,2012-01-27,33753.58459473339,False
4,3,2012-02-03,32762.79911330626,False
4,3,2012-02-10,32770.773732362395,False
4,3,2012-02-17,36212.084067987606,False
4,3,2012-02-24,33289.35902486529,False
4,3,2012-03-02,40885.69331283129,False
4,3,2012-03-09,40182.75133118808,False
4,3,2012-03-16,39734.82976189358,False
4,3,2012-03-23,36099.7061171036,False
4,3,2012-03-30,38042.556381001596,False
4,3,2012-04-06,59101.730281583354,True
4,3,2012-04-13,58065.125550046556,True
4,3,2012-04-20,35211.42340646974,False
4,3,2012-04-27,35304.09515776699,False
4,3,2012-05-04,36549.40255972752,False
4,3,2012-05-11,33569.866399155784,False
4,3,2012-05-18,37756.56750072967,False
4,3,2012-05-25,34753.08184144457,False
4,3,2012-06-01,47001.03186859864,True
4,3,2012-06-08,33295.820197413195,False
4,3,2012-06-15,31377.14187847831,False
4,3,2012-06-22,28457.981429213443,False
4,3,2012-06-29,26216.1186978377,False
4,3,2012-07-06,24113.569996631955,False
4,3,2012-07-13,22068.97621283699,False
4,3,2012-07-20,18959.48794973376,False
4,3,2012-07-27,23241.93311500944,False
4,3,2012-08-03,17785.550769355894,False
4,3,2012-08-10,17633.190695992747,False
4,3,2012-08-17,14633.64142060655,False
4,3,2012-08-24,14956.0899427579,False
4,3,2012-08-31,20355.184008431443,False
4,3,2012-09-07,12550.033184676096,False
4,3,2012-09-14,16426.88381721635,False
4,3,2012-09-21,19809.64904814939,True
4,3,2012-09-28,14507.522509372098,False
4,3,2012-10-05,15732.667232430631,False
4,3,2012-10-12,14074.227036945242,False
4,3,2012-10-19,13298.614679405968,False
4,3,2012-10-26,14281.44720412707,False
5,1,2010-02-05,51113.779693808465,False
5,1,2010-02-12,50931.629960080536,False
5,1,2010-02-19,52553.197724212434,False
5,1,2010-02-26,54537.33897363232,False
5,1,2010-03-05,51804.6296537779,False
5,1,2010-03-12,53035.722685975976,False
5,1,2010-03-19,59084.200692729384,False
5,1,2010-03-26,55973.44888845179,False
5,1,2010-04-02,57201.136005329565,False
5,1,2010-04-09,60552.24950253266,False
5,1,2010-04-16,56734.674555696605,False
5,1,2010-04-23,55802.05304134052,False
5,1,2010-04-30,57065.026211793156,False
5,1,2010-05-07,52879.64452546883,False
5,1,2010-05-14,55055.4496376713,False
5,1,2010-05-21,52765.04012841574,False
5,1,2010-05-28,52853.691786948824,False
5,1,2010-06-04,45832.761219091175,False
5,1,2010-06-11,47838.006016071704,False
5,1,2010-06-18,44003.797529023104,False
5,1,2010-06-25,37969.58839022026,False
5,1,2010-07-02,33119.00628560998,False
5,1,2010-07-09,34406.34334723766,False
5,1,2010-07-16,34311.800568674866,False
5,1,2010-07-23,32393.35741054735,False
5,1,2010-07-30,29291.10883278292,False
5,1,2010-08-06,27329.43414082039,False
5,1,2010-08-13,38161.20396898337,True
5,1,2010-08-20,26035.561357368108,False
5,1,2010-08-27,19673.964513857918,False
5,1,2010-09-03,21886.42695126459,False
5,1,2010-09-10,18754.98504771768,False
5,1,2010-09-17,17899.226671327968,False
5,1,2010-09-24,21647.80716652548,False
5,1,2010-10-01,17189.153413409767,False
5,1,2010-10-08,19016.309570912083,False
5,1,2010-10-15,23629.305605200825,False
5,1,2010-10-22,22076.64153560711,False
5,1,2010-10-29,20439.906610275262,False
5,1,2010-11-05,21801.797793612288,False
5,1,2010-11-12,21518.721292574806,False
5,1,2010-11-19,41014.48145371584,True
5,1,2010-11-26,29452.396488508588,False
5,1,2010-12-03,30782.47551109261,False
5,1,2010-12-10,33112.32743495,False
5,1,2010-12-17,32178.055735188507,False
5,1,2010-12-24,32906.572225956596,False
5,1,2010-12-31,39432.43998510693,False
5,1,2011-01-07,62707.59748359824,True
5,1,2011-01-14,46109.70668126918,False
5,1,2011-01-21,44702.27631112002,False
5,1,2011-01-28,46519.94474848492,False
5,1,2011-02-04,48714.50498699324,False
5,1,2011-02-11,52355.41194040856,False
5,1,2011-02-18,52085.41261375672,False
5,1,2011-02-25,53971.69618504786,False
5,1,2011-03-04,56934.97681528048,False
5,1,2011-03-11,54970.55835908737,False
5,1,2011-03-18,59692.7174383993,False
5,1,2011-03-25,58593.55024493996,False
5,1,2011-04-01,53751.797443068324,False
5,1,2011-04-08,56296.66383723007,False
5,1,2011-04-15,52861.722471143556,False
5,1,2011-04-22,55828.871872981246,False
5,1,2011-04-29,54276.24882456151,False
5,1,2011-05-06,55745.88387697493,False
5,1,2011-05-13,50887.55448119655,False
5,1,2011-05-20,51789.39429341176,False
5,1,2011-05-27,50330.72061526902,False
5,1,2011-06-03,47727.837010101604,False
5,1,2011-06-10,47384.303887211936,False
5,1,2011-06-17,47032.191016699006,False
5,1,2011-06-24,40844.20504296844,False
5,1,2011-07-01,58277.39773552968,True
5,1,2011-07-08,34241.84320376409,False
5,1,2011-07-15,31688.058125936877,False
5,1,2011-07-22,33586.320845997194,False
5,1,2011-07-29,31212.321975559767,False
5,1,2011-08-05,25370.45312432393,False
5,1,2011-08-12,22992.352894436888,False
5,1,2011-08-19,22675.653480530214,False
5,1,2011-08-26,22263.78797155584,False
5,1,2011-09-02,20531.594419229546,False
5,1,2011-09-09,20721.51733610827,False
5,1,2011-09-16,21546.433826188048,False
5,1,2011-09-23,20219.554796221684,False
5,1,2011-09-30,29805.761346242725,True
5,1,2011-10-07,14392.273249894051,False
5,1,2011-10-14,16484.502761204672,False
5,1,2011-10-21,18807.573984151644,False
5,1,2011-10-28,20087.059939877006,False
5,1,2011-11-04,24226.199580302517,False
5,1,2011-11-11,22215.32422695513,False
5,1,2011-11-18,26942.649302170557,False
5,1,2011-11-25,25859.481395053856,False
5,1,2011-12-02,27007.502388567416,False
5,1,2011-12-09,29209.76222724414,False
5,1,2011-12-16,38243.6379405618,False
5,1,2011-12-23,34387.66717440831,False
5,1,2011-12-30,39693.33355221999,False
5,1,2012-01-06,37503.9242980699,False
5,1,2012-01-13,45733.47132337272,False
5,1,2012-01-20,45802.1390137943,False
5,1,2012-01-27,47761.40504323134,False
5,1,2012-02-03,50020.68004261879,False
5,1,2012-02-10,52061.923738433485,False
5,1,2012-02-17,54267.72569679697,False
5,1,2012-02-24,52877.979522156485,False
5,1,2012-03-02,53957.694445258334,False
5,1,2012-03-09,56320.678425650985,False
5,1,2012-03-16,58279.26498839239,False
5,1,2012-03-23,57194.06127784183,False
5,1,2012-03-30,59014.84229334716,False
5,1,2012-04-06,58563.04579569064,False
5,1,2012-04-13,56476.44294472372,False
5,1,2012-04-20,52727.87072999315,False
5,1,2012-04-27,54265.815142094754,False
5,1,2012-05-04,57561.768826193904,False
5,1,2012-05-11,53329.710480518625,False
5,1,2012-05-18,49734.8240270026,False
5,1,2012-05-25,49694.32855154795,False
5,1,2012-06-01,48566.73544230118,False
5,1,2012-06-08,66377.95386659706,True
5,1,2012-06-15,45366.381103259046,False
5,1,2012-06-22,41611.717199897605,False
5,1,2012-06-29,36111.541588154614,False
5,1,2012-07-06,37715.12968451306,False
5,1,2012-07-13,32907.87818438797,False
5,1,2012-07-20,31160.400692720523,False
5,1,2012-07-27,27377.333569416827,False
5,1,2012-08-03,28692.585698046118,False
5,1,2012-08-10,25311.06352606499,False
5,1,2012-08-17,25320.640998892613,False
5,1,2012-08-24,21444.57913229292,False
5,1,2012-08-31,30693.964278553896,True
5,1,2012-09-07,29107.857255970146,True
5,1,2012-09-14,20504.373160528692,False
5,1,2012-09-21,17934.646389706333,False
5,1,2012-09-28,18749.454269796825,False
5,1,2012-10-05,18258.49206409914,False
5,1,2012-10-12,20592.476651238187,False
5,1,2012-10-19,16929.882706235137,False
5,1,2012-10-26,21843.912976642696,False
5,2,2010-02-05,64121.71072884019,False
5,2,2010-02-12,62623.78114077926,False
5,2,2010-02-19,65835.51460341898,False
5,2,2010-02-26,68135.57383474529,False
5,2,2010-03-05,69848.12270704293,False
5,2,2010-03-12,69073.4903286712,False
5,2,2010-03-19,72085.94331249176,False
5,2,2010-03-26,65756.90581667976,False
5,2,2010-04-02,72646.13359795431,False
5,2,2010-04-09,69835.52748085141,False
5,2,2010-04-16,71281.9550925385,False
5,2,2010-04-23,68027.95399691816,False
5,2,2010-04-30,65502.58229750394,False
5,2,2010-05-07,67359.75453002634,False
5,2,2010-05-14,61918.19166458603,False
5,2,2010-05-21,62104.98678081932,False
5,2,2010-05-28,59034.16496844027,False
5,2,2010-06-04,57867.97755684607,False
5,2,2010-06-11,57211.40973486171,False
5,2,2010-06-18,51914.10954908774,False
5,2,2010-06-25,50717.33386359716,False
5,2,2010-07-02,48719.73179545688,False
5,2,2010-07-09,43179.39056764592,False
5,2,2010-07-16,40402.7722605705,False
5,2,2010-07-23,41603.745746738685,False
5,2,2010-07-30,36105.259525016605,False
5,2,2010-08-06,34841.332673620585,False
5,2,2010-08-13,48369.72888582947,True
5,2,2010-08-20,27164.85151462104,False
5,2,2010-08-27,26279.98121826841,False
5,2,2010-09-03,27076.80280742597,False
5,2,2010-09-10,21020.840216248245,False
5,2,2010-09-17,23884.29400399346,False
5,2,2010-09-24,22062.172298880832,False
5,2,2010-10-01,25841.53214345466,False
5,2,2010-10-08,24484.970949976294,False
5,2,2010-10-15,26689.38183285166,False
5,2,2010-10-22,25077.22072258882,False
5,2,2010-10-29,26098.32969481187,False
5,2,2010-11-05,27191.87393245325,False
5,2,2010-11-12,28554.687927666815,False
5,2,2010-11-19,52735.91937922297,True
5,2,2010-11-26,35437.39411894328,False
5,2,2010-12-03,34131.65971269885,False
5,2,2010-12-10,44143.705680662606,False
5,2,2010-12-17,40778.31944800414,False
5,2,2010-12-24,45036.20466958718,False
5,2,2010-12-31,49120.23446274645,False
5,2,2011-01-07,72056.3602990129,True
5,2,2011-01-14,51239.14651669853,False
5,2,2011-01-21,58913.32114480853,False
5,2,2011-01-28,57768.38530676021,False
5,2,2011-02-04,62656.364584170326,False
5,2,2011-02-11,61997.40475597205,False
5,2,2011-02-18,64731.133500254735,False
5,2,2011-02-25,70250.86019954602,False
5,2,2011-03-04,69030.99584225554,False
5,2,2011-03-11,68636.91391444788,False
5,2,2011-03-18,68808.46327832941,False
5,2,2011-03-25,69505.5886095126,False
5,2,2011-04-01,73344.67963997825,False
5,2,2011-04-08,72220.33601161685,False
5,2,2011-04-15,67877.83693578793,False
5,2,2011-04-22,69500.9665620513,False
5,2,2011-04-29,68022.33841404748,False
5,2,2011-05-06,67312.5320065296,False
5,2,2011-05-13,63714.11047294569,False
5,2,2011-05-20,65099.952860563586,False
5,2,2011-05-27,60656.34579607653,False
5,2,2011-06-03,58964.91566860384,False
5,2,2011-06-10,54047.611047438535,False
5,2,2011-06-17,51425.173844655605,False
5,2,2011-06-24,55403.20098730573,False
5,2,2011-07-01,74461.71948335742,True
5,2,2011-07-08,44254.53834346767,False
5,2,2011-07-15,44654.28721946258,False
5,2,2011-07-22,41290.562970863124,False
5,2,2011-07-29,35013.61474647414,False
5,2,2011-08-05,32373.188684552566,False
5,2,2011-08-12,32915.09105144331,False
5,2,2011-08-19,30080.948003002643,False
5,2,2011-08-26,26997.72373793496,False
5,2,2011-09-02,27768.561167843407,False
5,2,2011-09-09,22270.504138509637,False
5,2,2011-09-16,24536.89229377522,False
5,2,2011-09-23,21314.892736540885,False
5,2,2011-09-30,33018.797102201905,True
5,2,2011-10-07,22379.210464361582,False
5,2,2011-10-14,25033.463790758284,False
5,2,2011-10-21,23804.995971926262,False
5,2,2011-10-28,23889.89086444515,False
5,2,2011-11-04,28756.231375966276,False
5,2,2011-11-11,32546.32081565907,False
5,2,2011-11-18,32855.43866914469,False
5,2,2011-11-25,37426.65253654413,False
5,2,2011-12-02,39082.39359177759,False
5,2,2011-12-09,37890.23151731838,False
5,2,2011-12-16,42852.59895673691,False
5,2,2011-12-23,44210.63908212316,False
5,2,2011-12-30,49365.23928139883,False
5,2,2012-01-06,49904.55565424479,False
5,2,2012-01-13,51316.407101578196,False
5,2,2012-01-20,58363.80338036766,False
5,2,2012-01-27,58853.633734879746,False
5,2,2012-02-03,59331.965008030114,False
5,2,2012-02-10,61906.88903711709,False
5,2,2012-02-17,63581.41142235145,False
5,2,2012-02-24,64676.85160197358,False
5,2,2012-03-02,67200.94067317239,False
5,2,2012-03-09,70072.6518757723,False
5,2,2012-03-16,70303.31154030748,False
5,2,2012-03-23,69812.90552157469,False
5,2,2012-03-30,73852.57451609851,False
5,2,2012-04-06,66668.07244657974,False
5,2,2012-04-13,70787.46203024653,False
5,2,2012-04-20,69041.0909386747,False
5,2,2012-04-27,66215.60889806654,False
5,2,2012-05-04,67409.25515896844,False
5,2,2012-05-11,64481.75628650612,False
5,2,2012-05-18,65398.48856969253,False
5,2,2012-05-25,62395.15483547151,False
5,2,2012-06-01,62030.30410618099,False
5,2,2012-06-08,82458.85138247276,True
5,2,2012-06-15,55686.90909949176,False
5,2,2012-06-22,47756.46923274109,False
5,2,2012-06-29,47019.76672045154,False
5,2,2012-07-06,43463.40656396495,False
5,2,2012-07-13,42793.17014382752,False
5,2,2012-07-20,40021.639538825366,False
5,2,2012-07-27,34462.79761811648,False
5,2,2012-08-03,35139.439435325665,False
5,2,2012-08-10,30816.7596350529,False
5,2,2012-08-17,27927.23200687361,False
5,2,2012-08-24,27778.170246327747,False
5,2,2012-08-31,36535.47379779386,True
5,2,2012-09-07,39595.81768452084,True
5,2,2012-09-14,24195.647617186867,False
5,2,2012-09-21,23725.248800070316,False
5,2,2012-09-28,23446.18660532834,False
5,2,2012-10-05,27086.440217049963,False
5,2,2012-10-12,27344.644615729947,False
5,2,2012-10-19,27856.9921764939,False
5,2,2012-10-26,26156.02479182824,False
5,3,2010-02-05,16016.695595946716,False
5,3,2010-02-12,19369.938744178082,False
5,3,2010-02-19,15166.574343098515,False
5,3,2010-02-26,18553.8296997494,False
5,3,2010-03-05,15682.485017180745,False
5,3,2010-03-12,19159.02228087435,False
5,3,2010-03-19,20266.08399534944,False
5,3,2010-03-26,19927.680041444626,False
5,3,2010-04-02,18073.455633404494,False
5,3,2010-04-09,19267.595482421057,False
5,3,2010-04-16,19150.571396648862,False
5,3,2010-04-23,19688.872361896087,False
5,3,2010-04-30,17799.387580850947,False
5,3,2010-05-07,19518.470488675423,False
5,3,2010-05-14,20059.61578507303,False
5,3,2010-05-21,16020.61511515214,False
5,3,2010-05-28,16154.695134497706,False
5,3,2010-06-04,13605.842078317779,False
5,3,2010-06-11,15407.257709629303,False
5,3,2010-06-18,14698.948595929915,False
5,3,2010-06-25,13378.749474336457,False
5,3,2010-07-02,12775.68616518089,False
5,3,2010-07-09,15598.64978703603,False
5,3,2010-07-16,5238.654964661428,False
5,3,2010-07-23,9297.716895257001,False
5,3,2010-07-30,8914.854711031347,False
5,3,2010-08-06,11869.783260451522,False
5,3,2010-08-13,13492.713175529005,True
5,3,2010-08-20,8826.740398952106,False
5,3,2010-08-27,9881.293206758002,False
5,3,2010-09-03,6610.938832286022,False
5,3,2010-09-10,7965.533733827386,False
5,3,2010-09-17,5374.654411020119,False
5,3,2010-09-24,4193.432711080508,False
5,3,2010-10-01,9842.777402895154,False
5,3,2010-10-08,7038.108822299692,False
5,3,2010-10-15,7725.511377076036,False
5,3,2010-10-22,4500.531292640253,False
5,3,2010-10-29,7991.5575276163545,False
5,3,2010-11-05,10918.046318695426,False
5,3,2010-11-12,7272.468589907004,False
5,3,2010-11-19,10030.536674534631,True
5,3,2010-11-26,9323.91042185114,False
5,3,2010-12-03,7530.508256794916,False
5,3,2010-12-10,7175.433258233892,False
5,3,2010-12-17,9542.569183306809,False
5,3,2010-12-24,10769.801419335645,False
5,3,2010-12-31,10534.387267476439,False
5,3,2011-01-07,22547.0986206807,True
5,3,2011-01-14,17784.893149647276,False
5,3,2011-01-21,15962.919094395627,False
5,3,2011-01-28,16183.86263014732,False
5,3,2011-02-04,15777.719453191561,False
5,3,2011-02-11,14863.684380336013,False
5,3,2011-02-18,20396.22544862818,False
5,3,2011-02-25,17530.485894024263,False
5,3,2011-03-04,17121.75053313112,False
5,3,2011-03-11,20386.406298992188,False
5,3,2011-03-18,18434.419146069045,False
5,3,2011-03-25,20672.316836568232,False
5,3,2011-04-01,17943.832871796443,False
5,3,2011-04-08,20753.00220129262,False
5,3,2011-04-15,20541.1219597126,False
5,3,2011-04-22,21006.549894965967,False
5,3,2011-04-29,16628.071798077133,False
5,3,2011-05-06,17490.114015446976,False
5,3,2011-05-13,21085.94514435341,False
5,3,2011-05-20,16163.525850353239,False
5,3,2011-05-27,17683.867274678738,False
5,3,2011-06-03,19996.60168118505,False
5,3,2011-06-10,11028.660670245843,False
5,3,2011-06-17,13446.561864425175,False
5,3,2011-06-24,13266.517072052804,False
5,3,2011-07-01,15165.572966319734,True
5,3,2011-07-08,10843.05457292657,False
5,3,2011-07-15,9069.338018680248,False
5,3,2011-07-22,12006.401587877628,False
5,3,2011-07-29,6137.00735696031,False
5,3,2011-08-05,12734.603278504013,False
5,3,2011-08-12,9741.218531110453,False
5,3,2011-08-19,5719.725566221717,False
5,3,2011-08-26,9414.419734695708,False
5,3,2011-09-02,8164.811582927606,False
5,3,2011-09-09,6583.345412589573,False
5,3,2011-09-16,4993.2724221751,False
5,3,2011-09-23,7395.3719267864,False
5,3,2011-09-30,9627.505873929624,True
5,3,2011-10-07,4921.5643382410635,False
5,3,2011-10-14,3749.675999134486,False
5,3,2011-10-21,4959.702620496653,False
5,3,2011-10-28,5964.256524618129,False
5,3,2011-11-04,9686.555393334698,False
5,3,2011-11-11,9548.886626190277,False
5,3,2011-11-18,7461.288635966409,False
5,3,2011-11-25,8133.5701151581325,False
5,3,2011-12-02,11585.006626318904,False
5,3,2011-12-09,10825.724150026463,False
5,3,2011-12-16,11518.930092536977,False
5,3,2011-12-23,10348.246197899014,False
5,3,2011-12-30,12262.049142482065,False
5,3,2012-01-06,13271.300038707228,False
5,3,2012-01-13,13823.289646420904,False
5,3,2012-01-20,16194.87888569249,False
5,3,2012-01-27,16946.1793247733,False
5,3,2012-02-03,14223.90000921471,False
5,3,2012-02-10,15655.920977060387,False
5,3,2012-02-17,15815.657920040318,False
5,3,2012-02-24,20433.24442042538,False
5,3,2012-03-02,22553.902536795802,False
5,3,2012-03-09,17429.65030071196,False
5,3,2012-03-16,18247.39703471611,False
5,3,2012-03-23,20402.358012779936,False
5,3,2012-03-30,17348.908126408085,False
5,3,2012-04-06,20447.545005550226,False
5,3,2012-04-13,18539.84899970545,False
5,3,2012-04-20,14869.413645085857,False
5,3,2012-04-27,15446.054316520731,False
5,3,2012-05-04,16980.48475370337,False
5,3,2012-05-11,19636.302096062605,False
5,3,2012-05-18,14871.280811784185,False
5,3,2012-05-25,14993.614475997854,False
5,3,2012-06-01,15837.7200995064,False
5,3,2012-06-08,18752.584680849133,True
5,3,2012-06-15,14602.779702483622,False
5,3,2012-06-22,10175.296532070848,False
5,3,2012-06-29,13643.255275501922,False
5,3,2012-07-06,10137.440844412866,False
5,3,2012-07-13,9128.00229235875,False
5,3,2012-07-20,10836.623900239529,False
5,3,2012-07-27,11190.28308621764,False
5,3,2012-08-03,9708.477746657294,False
5,3,2012-08-10,8776.710704295274,False
5,3,2012-08-17,8270.973145510256,False
5,3,2012-08-24,8126.224600475077,False
5,3,2012-08-31,11352.350745935884,True
5,3,2012-09-07,9202.758893122478,True
5,3,2012-09-14,7745.192084888313,False
5,3,2012-09-21,4703.664912409032,False
5,3,2012-09-28,8437.229955531926,False
5,3,2012-10-05,7864.932660348397,False
5,3,2012-10-12,10797.988196496248,False
5,3,2012-10-19,7688.57756478206,False
5,3,2012-10-26,8789.051608987758,False
